batch_id,compound_id,purity_pct,registered_date,stock_conc_mm
A-0002-B01,A-0002,95.3,2026-02-10,10.0
A-0003-B01,A-0003,99.0,2026-02-10,10.0
A-0005-B01,A-0005,98.1,2026-02-10,10.0
A-0010-B01,A-0010,96.5,2026-02-10,10.0
A-0011-B01,A-0011,96.7,2026-02-10,10.0
A-0012-B01,A-0012,96.4,2026-02-10,10.0
A-0014-B01,A-0014,98.0,2026-02-10,10.0
A-0018-B01,A-0018,97.0,2026-02-10,10.0
A-0020-B01,A-0020,97.6,2026-02-10,10.0
A-0021-B01,A-0021,95.0,2026-02-10,10.0
A-0023-B01,A-0023,95.4,2026-02-10,10.0
A-0025-B01,A-0025,99.5,2026-02-10,10.0
A-0027-B01,A-0027,95.7,2026-02-10,10.0
A-0029-B01,A-0029,99.4,2026-02-10,10.0
A-0034-B01,A-0034,96.4,2026-02-10,10.0
A-0035-B01,A-0035,95.9,2026-02-10,10.0
A-0038-B01,A-0038,98.1,2026-02-10,10.0
A-0039-B01,A-0039,95.9,2026-02-10,10.0
A-0042-B01,A-0042,95.9,2026-02-10,10.0
A-0045-B01,A-0045,95.8,2026-02-10,10.0
A-0047-B01,A-0047,73.5,2026-02-10,10.0
A-0047-B02,A-0047,98.7,2026-05-18,10.0
A-0048-B01,A-0048,96.9,2026-02-10,10.0
A-0049-B01,A-0049,95.3,2026-02-10,10.0
A-0052-B01,A-0052,95.4,2026-02-10,10.0
A-0056-B01,A-0056,97.8,2026-02-10,10.0
A-0057-B01,A-0057,96.0,2026-02-10,10.0
A-0058-B01,A-0058,99.5,2026-02-10,10.0
A-0060-B01,A-0060,97.4,2026-02-10,10.0
A-0061-B01,A-0061,99.2,2026-02-10,10.0
A-0065-B01,A-0065,95.1,2026-02-10,10.0
A-0067-B01,A-0067,98.9,2026-02-10,10.0
A-0069-B01,A-0069,95.4,2026-02-10,10.0
A-0070-B01,A-0070,97.0,2026-02-10,10.0
A-0071-B01,A-0071,96.7,2026-02-10,10.0
A-0072-B01,A-0072,96.6,2026-02-10,10.0
A-0073-B01,A-0073,98.7,2026-02-10,10.0
A-0074-B01,A-0074,97.3,2026-02-10,10.0
A-0077-B01,A-0077,95.1,2026-02-10,10.0
A-0079-B01,A-0079,96.7,2026-02-10,10.0
A-0080-B01,A-0080,95.3,2026-02-10,10.0
A-0085-B01,A-0085,98.6,2026-02-10,10.0
A-0086-B01,A-0086,95.6,2026-02-10,10.0
A-0087-B01,A-0087,74.6,2026-02-10,10.0
A-0087-B02,A-0087,99.0,2026-05-18,10.0
A-0091-B01,A-0091,97.1,2026-02-10,10.0
A-0092-B01,A-0092,98.3,2026-02-10,10.0
A-0093-B01,A-0093,98.0,2026-02-10,10.0
A-0094-B01,A-0094,97.4,2026-02-10,10.0
A-0095-B01,A-0095,97.7,2026-02-10,10.0
A-0096-B01,A-0096,96.5,2026-02-10,10.0
A-0099-B01,A-0099,99.4,2026-02-10,10.0
A-0100-B01,A-0100,96.3,2026-02-10,10.0
A-0102-B01,A-0102,98.0,2026-02-10,10.0
A-0103-B01,A-0103,95.1,2026-02-10,10.0
A-0104-B01,A-0104,95.1,2026-02-10,10.0
A-0105-B01,A-0105,96.2,2026-02-10,10.0
A-0106-B01,A-0106,96.3,2026-02-10,10.0
A-0107-B01,A-0107,98.2,2026-02-10,10.0
A-0110-B01,A-0110,97.6,2026-02-10,10.0
A-0111-B01,A-0111,95.7,2026-02-10,10.0
A-0113-B01,A-0113,99.4,2026-02-10,10.0
A-0116-B01,A-0116,95.5,2026-02-10,10.0
A-0117-B01,A-0117,96.4,2026-02-10,10.0
A-0118-B01,A-0118,96.2,2026-02-10,10.0
A-0119-B01,A-0119,97.1,2026-02-10,10.0
A-0120-B01,A-0120,96.5,2026-02-10,10.0
A-0123-B01,A-0123,97.5,2026-02-10,10.0
A-0125-B01,A-0125,96.2,2026-02-10,10.0
A-0129-B01,A-0129,98.4,2026-02-10,10.0
A-0130-B01,A-0130,97.8,2026-02-10,10.0
A-0132-B01,A-0132,99.4,2026-02-10,10.0
A-0134-B01,A-0134,98.2,2026-02-10,10.0
A-0136-B01,A-0136,98.1,2026-02-10,10.0
A-0139-B01,A-0139,95.6,2026-02-10,10.0
A-0142-B01,A-0142,98.4,2026-02-10,10.0
A-0144-B01,A-0144,99.5,2026-02-10,10.0
A-0146-B01,A-0146,99.6,2026-02-10,10.0
A-0147-B01,A-0147,99.8,2026-02-10,10.0
A-0148-B01,A-0148,97.0,2026-02-10,10.0
A-0150-B01,A-0150,97.2,2026-02-10,10.0
A-0151-B01,A-0151,96.3,2026-02-10,10.0
A-0154-B01,A-0154,96.3,2026-02-10,10.0
A-0156-B01,A-0156,99.0,2026-02-10,10.0
A-0157-B01,A-0157,97.0,2026-02-10,10.0
A-0161-B01,A-0161,98.5,2026-02-10,10.0
A-0163-B01,A-0163,97.2,2026-02-10,10.0
A-0166-B01,A-0166,96.7,2026-02-10,10.0
A-0167-B01,A-0167,96.7,2026-02-10,10.0
A-0169-B01,A-0169,96.0,2026-02-10,10.0
A-0171-B01,A-0171,97.1,2026-02-10,10.0
A-0173-B01,A-0173,95.4,2026-02-10,10.0
A-0176-B01,A-0176,95.0,2026-02-10,10.0
A-0177-B01,A-0177,98.9,2026-02-10,10.0
A-0178-B01,A-0178,96.0,2026-02-10,10.0
A-0181-B01,A-0181,99.1,2026-02-10,10.0
A-0183-B01,A-0183,95.4,2026-02-10,10.0
A-0184-B01,A-0184,98.1,2026-02-10,10.0
A-0186-B01,A-0186,98.6,2026-02-10,10.0
A-0191-B01,A-0191,99.8,2026-02-10,10.0
A-0193-B01,A-0193,98.2,2026-02-10,10.0
A-0194-B01,A-0194,98.8,2026-02-10,10.0
A-0195-B01,A-0195,99.7,2026-02-10,10.0
A-0196-B01,A-0196,95.9,2026-02-10,10.0
A-0197-B01,A-0197,99.1,2026-02-10,10.0
A-0201-B01,A-0201,98.4,2026-02-10,10.0
A-0202-B01,A-0202,97.7,2026-02-10,10.0
A-0204-B01,A-0204,98.2,2026-02-10,10.0
A-0208-B01,A-0208,96.8,2026-02-10,10.0
A-0209-B01,A-0209,99.1,2026-02-10,10.0
A-0211-B01,A-0211,98.2,2026-02-10,10.0
A-0212-B01,A-0212,96.3,2026-02-10,10.0
A-0216-B01,A-0216,98.7,2026-02-10,10.0
A-0217-B01,A-0217,95.7,2026-02-10,10.0
A-0219-B01,A-0219,98.8,2026-02-10,10.0
A-0220-B01,A-0220,96.8,2026-02-10,10.0
A-0224-B01,A-0224,96.6,2026-02-10,10.0
A-0228-B01,A-0228,97.6,2026-02-10,10.0
A-0230-B01,A-0230,99.2,2026-02-10,10.0
A-0232-B01,A-0232,98.1,2026-02-10,10.0
A-0233-B01,A-0233,97.2,2026-02-10,10.0
A-0234-B01,A-0234,98.1,2026-02-10,10.0
A-0239-B01,A-0239,97.4,2026-02-10,10.0
A-0240-B01,A-0240,97.4,2026-02-10,10.0
A-0241-B01,A-0241,96.8,2026-02-10,10.0
A-0242-B01,A-0242,97.4,2026-02-10,10.0
A-0243-B01,A-0243,95.0,2026-02-10,10.0
A-0245-B01,A-0245,98.5,2026-02-10,10.0
A-0246-B01,A-0246,96.9,2026-02-10,10.0
A-0247-B01,A-0247,99.3,2026-02-10,10.0
A-0248-B01,A-0248,99.0,2026-02-10,10.0
A-0249-B01,A-0249,95.8,2026-02-10,10.0
A-0251-B01,A-0251,96.5,2026-02-10,10.0
A-0252-B01,A-0252,95.7,2026-02-10,10.0
A-0253-B01,A-0253,97.5,2026-02-10,10.0
A-0257-B01,A-0257,97.4,2026-02-10,10.0
A-0258-B01,A-0258,99.0,2026-02-10,10.0
A-0260-B01,A-0260,98.2,2026-02-10,10.0
A-0261-B01,A-0261,95.1,2026-02-10,10.0
A-0262-B01,A-0262,99.6,2026-02-10,10.0
A-0264-B01,A-0264,95.6,2026-02-10,10.0
A-0266-B01,A-0266,96.1,2026-02-10,10.0
A-0268-B01,A-0268,96.2,2026-02-10,10.0
A-0269-B01,A-0269,95.2,2026-02-10,10.0
A-0272-B01,A-0272,99.4,2026-02-10,10.0
A-0273-B01,A-0273,99.3,2026-02-10,10.0
A-0275-B01,A-0275,99.3,2026-02-10,10.0
A-0277-B01,A-0277,98.4,2026-02-10,10.0
A-0280-B01,A-0280,98.5,2026-02-10,10.0
A-0281-B01,A-0281,97.1,2026-02-10,10.0
A-0285-B01,A-0285,95.2,2026-02-10,10.0
A-0286-B01,A-0286,96.4,2026-02-10,10.0
A-0287-B01,A-0287,95.1,2026-02-10,10.0
A-0289-B01,A-0289,96.0,2026-02-10,10.0
A-0291-B01,A-0291,96.3,2026-02-10,10.0
A-0292-B01,A-0292,97.9,2026-02-10,10.0
A-0294-B01,A-0294,97.5,2026-02-10,10.0
A-0295-B01,A-0295,99.6,2026-02-10,10.0
A-0301-B01,A-0301,95.3,2026-02-10,10.0
A-0302-B01,A-0302,98.9,2026-02-10,10.0
A-0306-B01,A-0306,95.8,2026-02-10,10.0
A-0309-B01,A-0309,99.6,2026-02-10,10.0
A-0311-B01,A-0311,98.2,2026-02-10,10.0
A-0312-B01,A-0312,95.5,2026-02-10,10.0
A-0313-B01,A-0313,95.6,2026-02-10,10.0
A-0315-B01,A-0315,98.8,2026-02-10,10.0
A-0316-B01,A-0316,97.3,2026-02-10,10.0
A-0317-B01,A-0317,98.7,2026-02-10,10.0
A-0318-B01,A-0318,95.6,2026-02-10,10.0
A-0320-B01,A-0320,98.3,2026-02-10,10.0
A-0322-B01,A-0322,95.5,2026-02-10,10.0
A-0323-B01,A-0323,95.5,2026-02-10,10.0
A-0325-B01,A-0325,98.3,2026-02-10,10.0
A-0326-B01,A-0326,99.6,2026-02-10,10.0
A-0327-B01,A-0327,97.7,2026-02-10,10.0
A-0328-B01,A-0328,95.1,2026-02-10,10.0
A-0330-B01,A-0330,97.8,2026-02-10,10.0
A-0332-B01,A-0332,97.8,2026-02-10,10.0
A-0333-B01,A-0333,96.9,2026-02-10,10.0
A-0335-B01,A-0335,98.8,2026-02-10,10.0
A-0337-B01,A-0337,99.1,2026-02-10,10.0
A-0338-B01,A-0338,95.2,2026-02-10,10.0
A-0339-B01,A-0339,98.1,2026-02-10,10.0
A-0340-B01,A-0340,97.7,2026-02-10,10.0
A-0341-B01,A-0341,97.8,2026-02-10,10.0
A-0342-B01,A-0342,98.7,2026-02-10,10.0
A-0344-B01,A-0344,99.3,2026-02-10,10.0
A-0349-B01,A-0349,95.1,2026-02-10,10.0
A-0350-B01,A-0350,98.4,2026-02-10,10.0
A-0351-B01,A-0351,95.1,2026-02-10,10.0
A-0352-B01,A-0352,99.5,2026-02-10,10.0
A-0355-B01,A-0355,97.4,2026-02-10,10.0
A-0357-B01,A-0357,97.7,2026-02-10,10.0
A-0360-B01,A-0360,96.1,2026-02-10,10.0
A-0361-B01,A-0361,99.0,2026-02-10,10.0
A-0364-B01,A-0364,96.3,2026-02-10,10.0
A-0368-B01,A-0368,95.7,2026-02-10,10.0
A-0369-B01,A-0369,98.9,2026-02-10,10.0
A-0370-B01,A-0370,97.5,2026-02-10,10.0
A-0372-B01,A-0372,96.3,2026-02-10,10.0
A-0374-B01,A-0374,97.7,2026-02-10,10.0
A-0379-B01,A-0379,98.1,2026-02-10,10.0
A-0380-B01,A-0380,97.3,2026-02-10,10.0
A-0381-B01,A-0381,96.3,2026-02-10,10.0
A-0384-B01,A-0384,98.3,2026-02-10,10.0
A-0388-B01,A-0388,98.0,2026-02-10,10.0
A-0389-B01,A-0389,98.2,2026-02-10,10.0
A-0391-B01,A-0391,96.9,2026-02-10,10.0
A-0392-B01,A-0392,95.2,2026-02-10,10.0
A-0395-B01,A-0395,95.1,2026-02-10,10.0
A-0399-B01,A-0399,98.6,2026-02-10,10.0
A-0401-B01,A-0401,97.6,2026-02-10,10.0
B-0002-B01,B-0002,96.6,2026-02-10,10.0
B-0005-B01,B-0005,96.2,2026-02-10,10.0
B-0007-B01,B-0007,95.8,2026-02-10,10.0
B-0010-B01,B-0010,97.6,2026-02-10,10.0
B-0015-B01,B-0015,99.4,2026-02-10,10.0
B-0016-B01,B-0016,99.5,2026-02-10,10.0
B-0017-B01,B-0017,99.0,2026-02-10,10.0
B-0018-B01,B-0018,96.7,2026-02-10,10.0
B-0020-B01,B-0020,99.0,2026-02-10,10.0
B-0021-B01,B-0021,95.5,2026-02-10,10.0
B-0024-B01,B-0024,98.6,2026-02-10,10.0
B-0026-B01,B-0026,99.4,2026-02-10,10.0
B-0027-B01,B-0027,95.0,2026-02-10,10.0
B-0028-B01,B-0028,95.8,2026-02-10,10.0
B-0031-B01,B-0031,96.3,2026-02-10,10.0
B-0032-B01,B-0032,99.0,2026-02-10,10.0
B-0034-B01,B-0034,96.8,2026-02-10,10.0
B-0035-B01,B-0035,98.6,2026-02-10,10.0
B-0036-B01,B-0036,97.7,2026-02-10,10.0
B-0037-B01,B-0037,96.2,2026-02-10,10.0
B-0038-B01,B-0038,96.7,2026-02-10,10.0
B-0039-B01,B-0039,95.7,2026-02-10,10.0
B-0042-B01,B-0042,96.8,2026-02-10,10.0
B-0043-B01,B-0043,95.6,2026-02-10,10.0
B-0046-B01,B-0046,99.3,2026-02-10,10.0
B-0047-B01,B-0047,97.9,2026-02-10,10.0
B-0048-B01,B-0048,99.5,2026-02-10,10.0
B-0049-B01,B-0049,95.8,2026-02-10,10.0
B-0051-B01,B-0051,99.1,2026-02-10,10.0
B-0053-B01,B-0053,99.5,2026-02-10,10.0
B-0054-B01,B-0054,98.6,2026-02-10,10.0
B-0055-B01,B-0055,95.7,2026-02-10,10.0
B-0056-B01,B-0056,97.1,2026-02-10,10.0
B-0057-B01,B-0057,98.3,2026-02-10,10.0
B-0058-B01,B-0058,95.8,2026-02-10,10.0
B-0059-B01,B-0059,99.7,2026-02-10,10.0
B-0060-B01,B-0060,98.2,2026-02-10,10.0
B-0062-B01,B-0062,96.1,2026-02-10,10.0
B-0063-B01,B-0063,99.1,2026-02-10,10.0
B-0065-B01,B-0065,96.5,2026-02-10,10.0
B-0066-B01,B-0066,97.7,2026-02-10,10.0
B-0067-B01,B-0067,98.4,2026-02-10,10.0
B-0068-B01,B-0068,99.3,2026-02-10,10.0
B-0070-B01,B-0070,98.7,2026-02-10,10.0
B-0073-B01,B-0073,95.7,2026-02-10,10.0
B-0074-B01,B-0074,99.5,2026-02-10,10.0
B-0077-B01,B-0077,97.2,2026-02-10,10.0
B-0080-B01,B-0080,98.5,2026-02-10,10.0
B-0081-B01,B-0081,98.5,2026-02-10,10.0
B-0083-B01,B-0083,97.9,2026-02-10,10.0
B-0085-B01,B-0085,99.4,2026-02-10,10.0
B-0086-B01,B-0086,99.0,2026-02-10,10.0
B-0089-B01,B-0089,96.8,2026-02-10,10.0
B-0091-B01,B-0091,98.7,2026-02-10,10.0
B-0092-B01,B-0092,98.3,2026-02-10,10.0
B-0093-B01,B-0093,99.8,2026-02-10,10.0
B-0095-B01,B-0095,96.6,2026-02-10,10.0
B-0097-B01,B-0097,98.5,2026-02-10,10.0
B-0100-B01,B-0100,98.5,2026-02-10,10.0
B-0101-B01,B-0101,96.4,2026-02-10,10.0
B-0102-B01,B-0102,99.4,2026-02-10,10.0
B-0103-B01,B-0103,99.3,2026-02-10,10.0
B-0104-B01,B-0104,95.0,2026-02-10,10.0
B-0105-B01,B-0105,99.6,2026-02-10,10.0
B-0106-B01,B-0106,95.6,2026-02-10,10.0
B-0108-B01,B-0108,96.5,2026-02-10,10.0
B-0110-B01,B-0110,95.6,2026-02-10,10.0
B-0114-B01,B-0114,99.6,2026-02-10,10.0
B-0116-B01,B-0116,98.8,2026-02-10,10.0
B-0122-B01,B-0122,96.9,2026-02-10,10.0
B-0124-B01,B-0124,99.4,2026-02-10,10.0
B-0126-B01,B-0126,95.1,2026-02-10,10.0
B-0127-B01,B-0127,98.9,2026-02-10,10.0
B-0129-B01,B-0129,97.3,2026-02-10,10.0
B-0130-B01,B-0130,96.1,2026-02-10,10.0
B-0131-B01,B-0131,95.9,2026-02-10,10.0
B-0133-B01,B-0133,95.6,2026-02-10,10.0
B-0134-B01,B-0134,97.4,2026-02-10,10.0
B-0139-B01,B-0139,96.8,2026-02-10,10.0
B-0140-B01,B-0140,98.9,2026-02-10,10.0
B-0141-B01,B-0141,95.2,2026-02-10,10.0
B-0142-B01,B-0142,99.4,2026-02-10,10.0
B-0143-B01,B-0143,95.2,2026-02-10,10.0
B-0146-B01,B-0146,96.3,2026-02-10,10.0
B-0148-B01,B-0148,95.8,2026-02-10,10.0
B-0151-B01,B-0151,97.0,2026-02-10,10.0
B-0152-B01,B-0152,96.1,2026-02-10,10.0
B-0153-B01,B-0153,97.0,2026-02-10,10.0
B-0154-B01,B-0154,95.2,2026-02-10,10.0
B-0155-B01,B-0155,97.8,2026-02-10,10.0
B-0156-B01,B-0156,98.4,2026-02-10,10.0
B-0158-B01,B-0158,95.1,2026-02-10,10.0
B-0159-B01,B-0159,96.9,2026-02-10,10.0
B-0160-B01,B-0160,99.3,2026-02-10,10.0
B-0161-B01,B-0161,98.3,2026-02-10,10.0
B-0162-B01,B-0162,97.0,2026-02-10,10.0
B-0163-B01,B-0163,95.2,2026-02-10,10.0
B-0165-B01,B-0165,99.0,2026-02-10,10.0
B-0168-B01,B-0168,95.4,2026-02-10,10.0
B-0172-B01,B-0172,99.3,2026-02-10,10.0
B-0173-B01,B-0173,96.2,2026-02-10,10.0
B-0174-B01,B-0174,95.8,2026-02-10,10.0
B-0176-B01,B-0176,97.7,2026-02-10,10.0
B-0177-B01,B-0177,96.3,2026-02-10,10.0
B-0178-B01,B-0178,97.3,2026-02-10,10.0
B-0179-B01,B-0179,97.6,2026-02-10,10.0
B-0182-B01,B-0182,96.1,2026-02-10,10.0
B-0183-B01,B-0183,97.9,2026-02-10,10.0
B-0184-B01,B-0184,95.4,2026-02-10,10.0
B-0186-B01,B-0186,97.2,2026-02-10,10.0
B-0187-B01,B-0187,97.0,2026-02-10,10.0
B-0188-B01,B-0188,99.1,2026-02-10,10.0
B-0189-B01,B-0189,97.9,2026-02-10,10.0
B-0192-B01,B-0192,97.3,2026-02-10,10.0
B-0194-B01,B-0194,97.6,2026-02-10,10.0
B-0195-B01,B-0195,96.9,2026-02-10,10.0
B-0196-B01,B-0196,95.6,2026-02-10,10.0
B-0197-B01,B-0197,96.2,2026-02-10,10.0
B-0198-B01,B-0198,96.1,2026-02-10,10.0
B-0199-B01,B-0199,99.3,2026-02-10,10.0
B-0201-B01,B-0201,95.0,2026-02-10,10.0
B-0202-B01,B-0202,95.2,2026-02-10,10.0
B-0204-B01,B-0204,98.8,2026-02-10,10.0
B-0206-B01,B-0206,95.5,2026-02-10,10.0
B-0208-B01,B-0208,96.7,2026-02-10,10.0
B-0209-B01,B-0209,98.7,2026-02-10,10.0
B-0211-B01,B-0211,97.1,2026-02-10,10.0
B-0212-B01,B-0212,97.0,2026-02-10,10.0
B-0213-B01,B-0213,97.3,2026-02-10,10.0
B-0214-B01,B-0214,98.4,2026-02-10,10.0
B-0217-B01,B-0217,98.0,2026-02-10,10.0
B-0222-B01,B-0222,96.3,2026-02-10,10.0
B-0223-B01,B-0223,95.4,2026-02-10,10.0
B-0224-B01,B-0224,97.9,2026-02-10,10.0
B-0225-B01,B-0225,96.0,2026-02-10,10.0
B-0227-B01,B-0227,99.0,2026-02-10,10.0
B-0229-B01,B-0229,96.8,2026-02-10,10.0
B-0230-B01,B-0230,97.1,2026-02-10,10.0
B-0231-B01,B-0231,96.4,2026-02-10,10.0
B-0233-B01,B-0233,96.1,2026-02-10,10.0
B-0235-B01,B-0235,96.0,2026-02-10,10.0
B-0237-B01,B-0237,97.6,2026-02-10,10.0
B-0238-B01,B-0238,99.2,2026-02-10,10.0
B-0240-B01,B-0240,98.8,2026-02-10,10.0
B-0241-B01,B-0241,97.0,2026-02-10,10.0
B-0245-B01,B-0245,98.4,2026-02-10,10.0
B-0248-B01,B-0248,99.4,2026-02-10,10.0
B-0251-B01,B-0251,95.8,2026-02-10,10.0
B-0252-B01,B-0252,99.5,2026-02-10,10.0
B-0253-B01,B-0253,99.1,2026-02-10,10.0
B-0254-B01,B-0254,95.5,2026-02-10,10.0
B-0256-B01,B-0256,97.4,2026-02-10,10.0
B-0257-B01,B-0257,96.7,2026-02-10,10.0
B-0259-B01,B-0259,99.5,2026-02-10,10.0
B-0260-B01,B-0260,96.6,2026-02-10,10.0
B-0261-B01,B-0261,97.2,2026-02-10,10.0
B-0262-B01,B-0262,97.1,2026-02-10,10.0
B-0263-B01,B-0263,96.5,2026-02-10,10.0
B-0264-B01,B-0264,98.1,2026-02-10,10.0
B-0266-B01,B-0266,98.7,2026-02-10,10.0
B-0268-B01,B-0268,98.4,2026-02-10,10.0
B-0269-B01,B-0269,97.2,2026-02-10,10.0
B-0271-B01,B-0271,97.0,2026-02-10,10.0
B-0273-B01,B-0273,96.8,2026-02-10,10.0
B-0274-B01,B-0274,98.8,2026-02-10,10.0
B-0275-B01,B-0275,96.2,2026-02-10,10.0
B-0276-B01,B-0276,96.8,2026-02-10,10.0
B-0278-B01,B-0278,95.6,2026-02-10,10.0
B-0283-B01,B-0283,96.2,2026-02-10,10.0
B-0284-B01,B-0284,96.4,2026-02-10,10.0
B-0287-B01,B-0287,99.3,2026-02-10,10.0
B-0288-B01,B-0288,95.4,2026-02-10,10.0
B-0289-B01,B-0289,95.4,2026-02-10,10.0
B-0290-B01,B-0290,96.7,2026-02-10,10.0
B-0291-B01,B-0291,95.9,2026-02-10,10.0
B-0292-B01,B-0292,96.3,2026-02-10,10.0
B-0293-B01,B-0293,97.4,2026-02-10,10.0
B-0294-B01,B-0294,95.1,2026-02-10,10.0
B-0295-B01,B-0295,96.3,2026-02-10,10.0
B-0296-B01,B-0296,96.6,2026-02-10,10.0
B-0297-B01,B-0297,97.5,2026-02-10,10.0
B-0300-B01,B-0300,95.8,2026-02-10,10.0
B-0303-B01,B-0303,99.1,2026-02-10,10.0
B-0305-B01,B-0305,96.3,2026-02-10,10.0
B-0306-B01,B-0306,97.6,2026-02-10,10.0
B-0308-B01,B-0308,97.6,2026-02-10,10.0
B-0310-B01,B-0310,95.4,2026-02-10,10.0
B-0312-B01,B-0312,96.1,2026-02-10,10.0
B-0313-B01,B-0313,98.2,2026-02-10,10.0
B-0314-B01,B-0314,96.2,2026-02-10,10.0
B-0316-B01,B-0316,98.1,2026-02-10,10.0
B-0318-B01,B-0318,95.1,2026-02-10,10.0
B-0319-B01,B-0319,97.6,2026-02-10,10.0
B-0320-B01,B-0320,97.7,2026-02-10,10.0
B-0321-B01,B-0321,96.4,2026-02-10,10.0
B-0322-B01,B-0322,98.9,2026-02-10,10.0
B-0324-B01,B-0324,96.0,2026-02-10,10.0
B-0325-B01,B-0325,99.1,2026-02-10,10.0
B-0328-B01,B-0328,96.1,2026-02-10,10.0
B-0330-B01,B-0330,97.4,2026-02-10,10.0
B-0331-B01,B-0331,96.4,2026-02-10,10.0
B-0332-B01,B-0332,99.0,2026-02-10,10.0
C-0004-B01,C-0004,99.8,2026-02-10,10.0
C-0024-B01,C-0024,97.0,2026-02-10,10.0
C-0046-B01,C-0046,95.7,2026-02-10,10.0
C-0052-B01,C-0052,97.6,2026-02-10,10.0
C-0057-B01,C-0057,95.3,2026-02-10,10.0
C-0080-B01,C-0080,97.9,2026-02-10,10.0
C-0110-B01,C-0110,98.7,2026-02-10,10.0
C-0111-B01,C-0111,97.1,2026-02-10,10.0
C-0116-B01,C-0116,98.4,2026-02-10,10.0
C-0141-B01,C-0141,97.7,2026-02-10,10.0
