compound_id,smiles,availability,lead_time_days,cost_usd
A-0001,CC(=O)Nc1ccc(C(=O)Nc2ccc(-c3ccc(F)cc3)cn2)cc1,make_on_demand,35,1090
A-0002,COc1ccc(C(=O)Nc2ccc(S(N)(=O)=O)cn2)cc1,in_stock,0,0
A-0003,Cc1ccc(C(=O)Nc2ccc(C)cn2)cc1,in_stock,0,0
A-0004,CS(=O)(=O)c1ccc(C(=O)Nc2ccc(Cl)cn2)cc1,make_on_demand,35,1110
A-0005,CS(=O)(=O)c1ccc(C(=O)Nc2ccc(C(F)(F)F)cn2)cc1,in_stock,0,0
A-0006,CS(=O)(=O)c1ccc(C(=O)Nc2ccc(C#N)cn2)cc1,make_on_demand,35,710
A-0007,O=C(Nc1ccc(C(F)(F)F)cn1)c1ccc(F)cc1,make_on_demand,21,840
A-0008,O=C(Nc1ccc(-c2cccs2)cn1)c1ccc(OC(F)(F)F)cc1,make_on_demand,35,560
A-0009,Cn1cc(-c2ccc(NC(=O)c3ccc(-c4ccc5ccccc5c4)cc3)nc2)cn1,make_on_demand,35,1100
A-0010,CN1CCN(c2ccc(C(=O)Nc3ccc(Cl)cn3)cc2)CC1,in_stock,0,0
A-0011,CN(C)c1ccc(C(=O)Nc2ccc(-c3ccccc3)cn2)cc1,in_stock,0,0
A-0012,CS(=O)(=O)c1ccc(C(=O)Nc2ccc(-c3cccs3)cn2)cc1,in_stock,0,0
A-0013,NS(=O)(=O)c1ccc(NC(=O)c2ccc(-c3cccnc3)cc2)nc1,make_on_demand,21,1350
A-0014,CC(C)(C)c1ccc(C(=O)Nc2ccc(-c3ccc(C(F)(F)F)cc3)cn2)cc1,in_stock,0,0
A-0015,O=C(Nc1ccc(-c2ccc(C(F)(F)F)cc2)cn1)c1ccc(Cl)cc1,make_on_demand,35,970
A-0016,O=C(Nc1ccc(C2CC2)cn1)c1ccc(OC(F)(F)F)cc1,make_on_demand,35,950
A-0017,N#Cc1ccc(NC(=O)c2ccc(OC(F)(F)F)cc2)nc1,make_on_demand,35,780
A-0018,CC(=O)Nc1ccc(C(=O)Nc2ccc(CO)cn2)cc1,in_stock,0,0
A-0019,CC(=O)Nc1ccc(C(=O)Nc2ccc(-c3cccs3)cn2)cc1,make_on_demand,21,400
A-0020,O=C(Nc1ccc(-c2ccc(C(F)(F)F)cc2)cn1)c1ccc(-c2ccccc2)cc1,in_stock,0,0
A-0021,O=C(Nc1ccc(N2CCOCC2)cn1)c1ccc(-c2c3ccccc3nc3ccccc23)cc1,in_stock,0,0
A-0022,O=C(Nc1ccc(Cl)cn1)c1ccc(OC(F)(F)F)cc1,make_on_demand,28,440
A-0023,O=C(Nc1ccc(-c2ccc(C(F)(F)F)cc2)cn1)c1ccc(-c2ccc3ccccc3c2)cc1,in_stock,0,0
A-0024,O=C(Nc1ccc(C(F)(F)F)cn1)c1ccccc1,make_on_demand,21,800
A-0025,Cc1ccc(C(=O)Nc2ccc(N3CCCCC3)cn2)cc1,in_stock,0,0
A-0026,NC(=O)c1ccc(NC(=O)c2ccc(-c3ccc4ccccc4c3)cc2)nc1,make_on_demand,21,920
A-0027,O=C(Nc1ccccn1)c1ccc(N2CCOCC2)cc1,in_stock,0,0
A-0028,CN1CCN(c2ccc(C(=O)Nc3ccc(N4CCCCC4)cn3)cc2)CC1,make_on_demand,28,520
A-0029,O=C(Nc1ccc(CO)cn1)c1ccc(Cl)cc1,in_stock,0,0
A-0030,O=C(Nc1ccc(-c2ccc(F)cc2)cn1)c1ccc(OC(F)(F)F)cc1,make_on_demand,28,890
A-0031,COc1ccc(C(=O)Nc2ccc(-c3cccs3)cn2)cc1,make_on_demand,21,580
A-0032,CN(C)c1ccc(C(=O)Nc2ccc(C#N)cn2)cc1,make_on_demand,35,490
A-0033,O=C(Nc1ccc(N2CCOCC2)cn1)c1ccc(C2CC2)cc1,make_on_demand,21,670
A-0034,O=C(Nc1ccc(N2CCOCC2)cn1)c1ccc(Cl)cc1,in_stock,0,0
A-0035,O=C(Nc1ccc(-c2ccc(C(F)(F)F)cc2)cn1)c1ccc(OC(F)(F)F)cc1,in_stock,0,0
A-0036,O=C(Nc1ccc(F)cn1)c1ccc(C2CC2)cc1,make_on_demand,35,1300
A-0037,COc1ccc(C(=O)Nc2ccc(-c3ccc(F)cc3)cn2)cc1,make_on_demand,28,750
A-0038,CS(=O)(=O)c1ccc(C(=O)Nc2ccc(N3CCOCC3)cn2)cc1,in_stock,0,0
A-0039,CN(C)c1ccc(C(=O)Nc2ccc(C(F)(F)F)cn2)cc1,in_stock,0,0
A-0040,N#Cc1ccc(NC(=O)c2ccc(C(F)(F)F)cc2)nc1,make_on_demand,28,1280
A-0041,Cn1cc(-c2ccc(NC(=O)c3ccc(-c4cccnc4)cc3)nc2)cn1,make_on_demand,28,1030
A-0042,O=C(Nc1ccc(-c2cccs2)cn1)c1ccc(Cl)cc1,in_stock,0,0
A-0043,O=C(Nc1ccc(-c2ccc(-c3ccccc3)cc2)cn1)c1ccc(-c2c3ccccc3nc3ccccc23)cc1,make_on_demand,28,610
A-0044,CC(=O)Nc1ccc(C(=O)Nc2ccc(C)cn2)cc1,make_on_demand,21,1250
A-0045,O=C(Nc1ccc(F)cn1)c1ccc(F)cc1,in_stock,0,0
A-0046,N#Cc1ccc(C(=O)Nc2ccccn2)cc1,make_on_demand,28,1310
A-0047,NC(=O)c1ccc(NC(=O)c2ccc(-c3ccccc3)cc2)nc1,in_stock,0,0
A-0048,Cc1ccc(NC(=O)c2ccc(C#N)cc2)nc1,in_stock,0,0
A-0049,CN(C)c1ccc(C(=O)Nc2ccc(Cl)cn2)cc1,in_stock,0,0
A-0050,O=C(Nc1ccc(Nc2ccc([N+](=O)[O-])c3nonc23)cn1)c1ccccc1,make_on_demand,28,760
A-0051,O=C(Nc1ccc(C(F)(F)F)cn1)c1ccc(-c2ccc3ccccc3c2)cc1,make_on_demand,28,700
A-0052,COc1ccc(NC(=O)c2ccc(F)cc2)nc1,in_stock,0,0
A-0053,COc1ccc(C(=O)Nc2ccc(C3CC3)cn2)cc1,make_on_demand,21,1070
A-0054,O=C(Nc1ccc(N2CCCCC2)cn1)c1ccc(-c2cccnc2)cc1,make_on_demand,35,1260
A-0055,CN1CCN(c2ccc(C(=O)Nc3ccc(-c4ccccc4)cn3)cc2)CC1,make_on_demand,35,1260
A-0056,COc1ccc(NC(=O)c2ccc(OC(F)(F)F)cc2)nc1,in_stock,0,0
A-0057,O=C(Nc1ccc(-c2ccc(C(F)(F)F)cc2)cn1)c1ccccc1,in_stock,0,0
A-0058,CC(C)(C)c1ccc(C(=O)Nc2ccc(C(N)=O)cn2)cc1,in_stock,0,0
A-0059,COc1ccc(C(=O)Nc2ccc(-c3ccc(-c4ccccc4)cc3)cn2)cc1,make_on_demand,28,980
A-0060,NC(=O)c1ccc(NC(=O)c2ccc(Br)cc2)nc1,in_stock,0,0
A-0061,N#Cc1ccc(C(=O)Nc2ccc(C#N)cn2)cc1,in_stock,0,0
A-0062,CS(=O)(=O)c1ccc(C(=O)Nc2ccc(N3CCCCC3)cn2)cc1,make_on_demand,28,960
A-0063,O=C(Nc1ccc(C2CC2)cn1)c1ccc(F)cc1,make_on_demand,35,1130
A-0064,O=C(Nc1ccc(-c2ccc(F)cc2)cn1)c1ccc(-c2c3ccccc3nc3ccccc23)cc1,make_on_demand,28,1060
A-0065,O=C(Nc1ccc(-c2ccc(C(F)(F)F)cc2)cn1)c1ccc(-c2c3ccccc3nc3ccccc23)cc1,in_stock,0,0
A-0066,NS(=O)(=O)c1ccc(NC(=O)c2ccc(-c3ccc4ccccc4c3)cc2)nc1,make_on_demand,35,850
A-0067,O=C(Nc1ccc(N2CCOCC2)cn1)c1ccc(Br)cc1,in_stock,0,0
A-0068,O=C(Nc1ccc(F)cn1)c1ccc(C(F)(F)F)cc1,make_on_demand,21,1220
A-0069,O=C(Nc1ccc(C(F)(F)F)cn1)c1ccc(Cl)cc1,in_stock,0,0
A-0070,CS(=O)(=O)c1ccc(C(=O)Nc2ccccn2)cc1,in_stock,0,0
A-0071,Cn1cc(-c2ccc(NC(=O)c3ccc(Cl)cc3)nc2)cn1,in_stock,0,0
A-0072,COc1ccc(NC(=O)c2ccc(N(C)C)cc2)nc1,in_stock,0,0
A-0073,CC(=O)Nc1ccc(C(=O)Nc2ccc(C#N)cn2)cc1,in_stock,0,0
A-0074,O=C(Nc1ccc(CO)cn1)c1ccc(C2CC2)cc1,in_stock,0,0
A-0075,CN1CCN(c2ccc(C(=O)Nc3ccc(C(N)=O)cn3)cc2)CC1,make_on_demand,35,920
A-0076,Cc1ccc(NC(=O)c2ccccc2)nc1,make_on_demand,35,460
A-0077,CN1CCN(c2ccc(C(=O)Nc3ccc(-c4ccc(-c5ccccc5)cc4)cn3)cc2)CC1,in_stock,0,0
A-0078,CC(=O)Nc1ccc(C(=O)Nc2ccc(-c3ccc(-c4ccccc4)cc3)cn2)cc1,make_on_demand,21,1130
A-0079,O=C(Nc1ccc(Cl)cn1)c1ccc(C2CC2)cc1,in_stock,0,0
A-0080,Cc1ccc(NC(=O)c2ccc(N3CCOCC3)cc2)nc1,in_stock,0,0
A-0081,O=C(Nc1ccc(N2CCOCC2)cn1)c1ccc(-c2cccnc2)cc1,make_on_demand,21,1270
A-0082,O=C(Nc1ccc(-c2ccccc2)cn1)c1ccc(C2CC2)cc1,make_on_demand,28,430
A-0083,O=C(Nc1ccc(C2CC2)cn1)c1ccc(-c2c3ccccc3nc3ccccc23)cc1,make_on_demand,35,770
A-0084,CC(C)(C)c1ccc(C(=O)Nc2ccc(C#N)cn2)cc1,make_on_demand,35,390
A-0085,NS(=O)(=O)c1ccc(NC(=O)c2ccc(C(F)(F)F)cc2)nc1,in_stock,0,0
A-0086,Cc1ccc(NC(=O)c2ccc(N(C)C)cc2)nc1,in_stock,0,0
A-0087,Cn1cc(-c2ccc(NC(=O)c3ccc(C#N)cc3)nc2)cn1,in_stock,0,0
A-0088,COc1ccc(NC(=O)c2ccc(C)cc2)nc1,make_on_demand,21,790
A-0089,Cc1ccc(NC(=O)c2ccc(-c3ccccc3)cc2)nc1,make_on_demand,21,370
A-0090,COc1ccc(C(=O)Nc2ccc(Nc3ccc([N+](=O)[O-])c4nonc34)cn2)cc1,make_on_demand,35,510
A-0091,COc1ccc(C(=O)Nc2ccc(C#N)cn2)cc1,in_stock,0,0
A-0092,CN1CCN(c2ccc(C(=O)Nc3ccc(Nc4ccc([N+](=O)[O-])c5nonc45)cn3)cc2)CC1,in_stock,0,0
A-0093,O=C(Nc1ccc(C2CC2)cn1)c1ccccc1,in_stock,0,0
A-0094,O=C(Nc1ccc(Cl)cn1)c1ccc(N2CCOCC2)cc1,in_stock,0,0
A-0095,CC(=O)Nc1ccc(C(=O)Nc2ccc(Nc3ccc([N+](=O)[O-])c4nonc34)cn2)cc1,in_stock,0,0
A-0096,N#Cc1ccc(NC(=O)c2ccc(N3CCOCC3)cc2)nc1,in_stock,0,0
A-0097,CN(C)c1ccc(C(=O)Nc2ccc(CO)cn2)cc1,make_on_demand,35,1170
A-0098,Cn1cc(-c2ccc(NC(=O)c3ccc(F)cc3)nc2)cn1,make_on_demand,28,470
A-0099,O=C(Nc1ccc(Cl)cn1)c1ccc(C(F)(F)F)cc1,in_stock,0,0
A-0100,Cc1ccc(C(=O)Nc2ccc(C3CC3)cn2)cc1,in_stock,0,0
A-0101,NC(=O)c1ccc(NC(=O)c2ccc(OC(F)(F)F)cc2)nc1,make_on_demand,21,390
A-0102,COc1ccc(C(=O)Nc2ccc(C(N)=O)cn2)cc1,in_stock,0,0
A-0103,CC(=O)Nc1ccc(C(=O)Nc2ccc(C(F)(F)F)cn2)cc1,in_stock,0,0
A-0104,O=C(Nc1ccc(Cl)cn1)c1ccc(F)cc1,in_stock,0,0
A-0105,O=C(Nc1ccc(N2CCCCC2)cn1)c1ccc(F)cc1,in_stock,0,0
A-0106,O=C(Nc1ccc(C(F)(F)F)cn1)c1ccc(N2CCOCC2)cc1,in_stock,0,0
A-0107,COc1ccc(NC(=O)c2ccc(C(F)(F)F)cc2)nc1,in_stock,0,0
A-0108,O=C(Nc1ccc(-c2ccc(F)cc2)cn1)c1ccc(C(F)(F)F)cc1,make_on_demand,28,1350
A-0109,CN1CCN(c2ccc(C(=O)Nc3ccc(-c4ccc(F)cc4)cn3)cc2)CC1,make_on_demand,28,450
A-0110,O=C(Nc1ccc(C(F)(F)F)cn1)c1ccc(-c2ccccc2)cc1,in_stock,0,0
A-0111,O=C(Nc1ccc(-c2cccs2)cn1)c1ccc(-c2ccc3ccccc3c2)cc1,in_stock,0,0
A-0112,O=C(Nc1ccc(Cl)cn1)c1ccc(-c2c3ccccc3nc3ccccc23)cc1,make_on_demand,28,900
A-0113,O=C(Nc1ccc(-c2ccc(-c3ccccc3)cc2)cn1)c1ccc(-c2cccnc2)cc1,in_stock,0,0
A-0114,CC(=O)Nc1ccc(C(=O)Nc2ccc(N3CCCCC3)cn2)cc1,make_on_demand,28,880
A-0115,Cc1ccc(C(=O)Nc2ccc(-c3cnn(C)c3)cn2)cc1,make_on_demand,28,1130
A-0116,CC(C)(C)c1ccc(C(=O)Nc2ccc(Cl)cn2)cc1,in_stock,0,0
A-0117,O=C(Nc1ccc(Nc2ccc([N+](=O)[O-])c3nonc23)cn1)c1ccc(-c2cccnc2)cc1,in_stock,0,0
A-0118,O=C(Nc1ccc(-c2ccc(-c3ccccc3)cc2)cn1)c1ccc(-c2ccccc2)cc1,in_stock,0,0
A-0119,O=C(Nc1ccc(N2CCCCC2)cn1)c1ccccc1,in_stock,0,0
A-0120,CS(=O)(=O)c1ccc(C(=O)Nc2ccc(Nc3ccc([N+](=O)[O-])c4nonc34)cn2)cc1,in_stock,0,0
A-0121,CC(C)(C)c1ccc(C(=O)Nc2ccc(-c3ccccc3)cn2)cc1,make_on_demand,21,1330
A-0122,O=C(Nc1ccccn1)c1ccc(OC(F)(F)F)cc1,make_on_demand,35,1010
A-0123,N#Cc1ccc(C(=O)Nc2ccc(-c3ccc(C(F)(F)F)cc3)cn2)cc1,in_stock,0,0
A-0124,O=C(Nc1ccccn1)c1ccc(F)cc1,make_on_demand,28,1400
A-0125,O=C(Nc1ccc(N2CCCCC2)cn1)c1ccc(C2CC2)cc1,in_stock,0,0
A-0126,CC(=O)Nc1ccc(C(=O)Nc2ccc(S(N)(=O)=O)cn2)cc1,make_on_demand,35,680
A-0127,CC(=O)Nc1ccc(C(=O)Nc2ccc(F)cn2)cc1,make_on_demand,21,670
A-0128,O=C(Nc1ccc(Nc2ccc([N+](=O)[O-])c3nonc23)cn1)c1ccc(OC(F)(F)F)cc1,make_on_demand,35,1320
A-0129,O=C(Nc1ccc(-c2ccc(-c3ccccc3)cc2)cn1)c1ccc(OC(F)(F)F)cc1,in_stock,0,0
A-0130,COc1ccc(C(=O)Nc2ccc(-c3ccc(C(F)(F)F)cc3)cn2)cc1,in_stock,0,0
A-0131,CN1CCN(c2ccc(C(=O)Nc3ccc(C#N)cn3)cc2)CC1,make_on_demand,28,1170
A-0132,Cn1cc(-c2ccc(NC(=O)c3ccc(C(F)(F)F)cc3)nc2)cn1,in_stock,0,0
A-0133,O=C(Nc1ccccn1)c1ccccc1,make_on_demand,35,670
A-0134,Cc1ccc(NC(=O)c2ccc(-c3ccc4ccccc4c3)cc2)nc1,in_stock,0,0
A-0135,O=C(Nc1ccccn1)c1ccc(C2CC2)cc1,make_on_demand,21,960
A-0136,O=C(Nc1ccc(Cl)cn1)c1ccc(Br)cc1,in_stock,0,0
A-0137,O=C(Nc1ccc(-c2ccc(F)cc2)cn1)c1ccc(F)cc1,make_on_demand,21,790
A-0138,Cc1ccc(C(=O)Nc2ccc(Cl)cn2)cc1,make_on_demand,21,680
A-0139,N#Cc1ccc(C(=O)Nc2ccc(Cl)cn2)cc1,in_stock,0,0
A-0140,COc1ccc(NC(=O)c2ccc(NC(C)=O)cc2)nc1,make_on_demand,28,1210
A-0141,Cc1ccc(C(=O)Nc2ccc(CO)cn2)cc1,make_on_demand,35,830
A-0142,O=C(Nc1ccc(C2CC2)cn1)c1ccc(N2CCOCC2)cc1,in_stock,0,0
A-0143,NS(=O)(=O)c1ccc(NC(=O)c2ccc(N3CCOCC3)cc2)nc1,make_on_demand,21,1110
A-0144,COc1ccc(C(=O)Nc2ccc(-c3cnn(C)c3)cn2)cc1,in_stock,0,0
A-0145,Cc1ccc(NC(=O)c2ccc(-c3c4ccccc4nc4ccccc34)cc2)nc1,make_on_demand,35,590
A-0146,Cn1cc(-c2ccc(NC(=O)c3ccccc3)nc2)cn1,in_stock,0,0
A-0147,N#Cc1ccc(NC(=O)c2ccc(Br)cc2)nc1,in_stock,0,0
A-0148,O=C(Nc1ccc(F)cn1)c1ccc(-c2ccccc2)cc1,in_stock,0,0
A-0149,O=C(Nc1ccc(-c2ccc(F)cc2)cn1)c1ccc(Br)cc1,make_on_demand,28,500
A-0150,NC(=O)c1ccc(NC(=O)c2ccc(C3CC3)cc2)nc1,in_stock,0,0
A-0151,COc1ccc(NC(=O)c2ccc(-c3ccccc3)cc2)nc1,in_stock,0,0
A-0152,Cc1ccc(C(=O)Nc2ccc(C(F)(F)F)cn2)cc1,make_on_demand,35,970
A-0153,O=C(Nc1ccc(N2CCOCC2)cn1)c1ccc(-c2ccccc2)cc1,make_on_demand,21,960
A-0154,NS(=O)(=O)c1ccc(NC(=O)c2ccc(F)cc2)nc1,in_stock,0,0
A-0155,O=C(Nc1ccc(Nc2ccc([N+](=O)[O-])c3nonc23)cn1)c1ccc(C2CC2)cc1,make_on_demand,21,520
A-0156,Cc1ccc(C(=O)Nc2ccc(C#N)cn2)cc1,in_stock,0,0
A-0157,CS(=O)(=O)c1ccc(C(=O)Nc2ccc(C(N)=O)cn2)cc1,in_stock,0,0
A-0158,CC(C)(C)c1ccc(C(=O)Nc2ccc(C(F)(F)F)cn2)cc1,make_on_demand,21,560
A-0159,COc1ccc(NC(=O)c2ccc(C3CC3)cc2)nc1,make_on_demand,21,680
A-0160,Cc1ccc(C(=O)Nc2ccc(C(N)=O)cn2)cc1,make_on_demand,21,760
A-0161,O=C(Nc1ccc(C2CC2)cn1)c1ccc(Br)cc1,in_stock,0,0
A-0162,N#Cc1ccc(C(=O)Nc2ccc(-c3ccccc3)cn2)cc1,make_on_demand,35,1260
A-0163,CN1CCN(c2ccc(C(=O)Nc3ccc(C4CC4)cn3)cc2)CC1,in_stock,0,0
A-0164,O=C(Nc1ccccn1)c1ccc(-c2ccccc2)cc1,make_on_demand,21,1080
A-0165,O=C(Nc1ccc(-c2ccccc2)cn1)c1ccc(C(F)(F)F)cc1,make_on_demand,21,860
A-0166,O=C(Nc1ccc(-c2ccccc2)cn1)c1ccccc1,in_stock,0,0
A-0167,Cc1ccc(NC(=O)c2ccc(C(C)(C)C)cc2)nc1,in_stock,0,0
A-0168,NC(=O)c1ccc(NC(=O)c2ccc(N3CCOCC3)cc2)nc1,make_on_demand,28,730
A-0169,N#Cc1ccc(NC(=O)c2ccc(F)cc2)nc1,in_stock,0,0
A-0170,NS(=O)(=O)c1ccc(NC(=O)c2ccc(OC(F)(F)F)cc2)nc1,make_on_demand,35,670
A-0171,CN(C)c1ccc(C(=O)Nc2ccc(C(N)=O)cn2)cc1,in_stock,0,0
A-0172,O=C(Nc1ccc(-c2cccs2)cn1)c1ccc(C2CC2)cc1,make_on_demand,35,1120
A-0173,O=C(Nc1ccc(F)cn1)c1ccc(-c2cccnc2)cc1,in_stock,0,0
A-0174,O=C(Nc1ccc(-c2ccccc2)cn1)c1ccc(N2CCOCC2)cc1,make_on_demand,35,1060
A-0175,O=C(Nc1ccc(-c2ccc(C(F)(F)F)cc2)cn1)c1ccc(C(F)(F)F)cc1,make_on_demand,35,900
A-0176,N#Cc1ccc(NC(=O)c2ccc(-c3ccc4ccccc4c3)cc2)nc1,in_stock,0,0
A-0177,CC(=O)Nc1ccc(C(=O)Nc2ccc(-c3ccccc3)cn2)cc1,in_stock,0,0
A-0178,O=C(Nc1ccc(N2CCCCC2)cn1)c1ccc(N2CCOCC2)cc1,in_stock,0,0
A-0179,O=C(Nc1ccc(CO)cn1)c1ccc(C(F)(F)F)cc1,make_on_demand,35,720
A-0180,O=C(Nc1ccc(N2CCCCC2)cn1)c1ccc(-c2ccccc2)cc1,make_on_demand,35,950
A-0181,O=C(Nc1ccc(C(F)(F)F)cn1)c1ccc(OC(F)(F)F)cc1,in_stock,0,0
A-0182,O=C(Nc1ccccn1)c1ccc(-c2c3ccccc3nc3ccccc23)cc1,make_on_demand,28,1120
A-0183,O=C(Nc1ccc(C(F)(F)F)cn1)c1ccc(-c2cccnc2)cc1,in_stock,0,0
A-0184,CN1CCN(c2ccc(C(=O)Nc3ccc(-c4cnn(C)c4)cn3)cc2)CC1,in_stock,0,0
A-0185,Cn1cc(-c2ccc(NC(=O)c3ccc(-c4ccccc4)cc3)nc2)cn1,make_on_demand,28,540
A-0186,CN(C)c1ccc(C(=O)Nc2ccc(-c3cnn(C)c3)cn2)cc1,in_stock,0,0
A-0187,O=C(Nc1ccc(Nc2ccc([N+](=O)[O-])c3nonc23)cn1)c1ccc(Br)cc1,make_on_demand,21,830
A-0188,CN(C)c1ccc(C(=O)Nc2ccc(Nc3ccc([N+](=O)[O-])c4nonc34)cn2)cc1,make_on_demand,28,1060
A-0189,O=C(Nc1ccc(F)cn1)c1ccc(OC(F)(F)F)cc1,make_on_demand,28,900
A-0190,NS(=O)(=O)c1ccc(NC(=O)c2ccc(Cl)cc2)nc1,make_on_demand,28,1380
A-0191,CC(C)(C)c1ccc(C(=O)Nc2ccc(N3CCCCC3)cn2)cc1,in_stock,0,0
A-0192,CN(C)c1ccc(C(=O)Nc2ccc(N3CCOCC3)cn2)cc1,make_on_demand,21,700
A-0193,Cn1cc(-c2ccc(NC(=O)c3ccc(N4CCOCC4)cc3)nc2)cn1,in_stock,0,0
A-0194,O=C(Nc1ccc(Cl)cn1)c1ccc(-c2ccc3ccccc3c2)cc1,in_stock,0,0
A-0195,O=C(Nc1ccc(-c2cccs2)cn1)c1ccc(N2CCOCC2)cc1,in_stock,0,0
A-0196,O=C(Nc1ccc(C2CC2)cn1)c1ccc(Cl)cc1,in_stock,0,0
A-0197,O=C(Nc1ccc(-c2ccccc2)cn1)c1ccc(-c2cccnc2)cc1,in_stock,0,0
A-0198,O=C(Nc1ccc(Nc2ccc([N+](=O)[O-])c3nonc23)cn1)c1ccc(F)cc1,make_on_demand,21,680
A-0199,CC(C)(C)c1ccc(C(=O)Nc2ccc(S(N)(=O)=O)cn2)cc1,make_on_demand,21,710
A-0200,Cc1ccc(C(=O)Nc2ccc(Nc3ccc([N+](=O)[O-])c4nonc34)cn2)cc1,make_on_demand,21,650
A-0201,CC(C)(C)c1ccc(C(=O)Nc2ccc(-c3cccs3)cn2)cc1,in_stock,0,0
A-0202,Cn1cc(-c2ccc(NC(=O)c3ccc(C4CC4)cc3)nc2)cn1,in_stock,0,0
A-0203,NC(=O)c1ccc(NC(=O)c2ccc(-c3c4ccccc4nc4ccccc34)cc2)nc1,make_on_demand,21,630
A-0204,CS(=O)(=O)c1ccc(C(=O)Nc2ccc(-c3ccc(F)cc3)cn2)cc1,in_stock,0,0
A-0205,CS(=O)(=O)c1ccc(C(=O)Nc2ccc(-c3ccc(C(F)(F)F)cc3)cn2)cc1,make_on_demand,35,1380
A-0206,N#Cc1ccc(NC(=O)c2ccc(-c3c4ccccc4nc4ccccc34)cc2)nc1,make_on_demand,28,890
A-0207,N#Cc1ccc(NC(=O)c2ccc(-c3ccccc3)cc2)nc1,make_on_demand,21,800
A-0208,O=C(Nc1ccc(-c2ccc(F)cc2)cn1)c1ccc(-c2ccccc2)cc1,in_stock,0,0
A-0209,O=C(Nc1ccc(-c2ccc(F)cc2)cn1)c1ccc(-c2ccc3ccccc3c2)cc1,in_stock,0,0
A-0210,O=C(Nc1ccc(CO)cn1)c1ccc(Br)cc1,make_on_demand,21,1370
A-0211,COc1ccc(NC(=O)c2ccc(-c3ccc4ccccc4c3)cc2)nc1,in_stock,0,0
A-0212,O=C(Nc1ccc(N2CCCCC2)cn1)c1ccc(-c2ccc3ccccc3c2)cc1,in_stock,0,0
A-0213,N#Cc1ccc(NC(=O)c2ccc(Cl)cc2)nc1,make_on_demand,21,1070
A-0214,O=C(Nc1ccc(N2CCOCC2)cn1)c1ccc(OC(F)(F)F)cc1,make_on_demand,28,830
A-0215,COc1ccc(NC(=O)c2ccc(S(C)(=O)=O)cc2)nc1,make_on_demand,21,1240
A-0216,Cn1cc(-c2ccc(NC(=O)c3ccc(C(C)(C)C)cc3)nc2)cn1,in_stock,0,0
A-0217,O=C(Nc1ccc(CO)cn1)c1ccc(OC(F)(F)F)cc1,in_stock,0,0
A-0218,O=C(Nc1ccc(-c2ccc(C(F)(F)F)cc2)cn1)c1ccc(C2CC2)cc1,make_on_demand,35,700
A-0219,O=C(Nc1ccc(C(F)(F)F)cn1)c1ccc(C(F)(F)F)cc1,in_stock,0,0
A-0220,COc1ccc(NC(=O)c2ccc(C(C)(C)C)cc2)nc1,in_stock,0,0
A-0221,CC(=O)Nc1ccc(C(=O)Nc2ccccn2)cc1,make_on_demand,21,1240
A-0222,COc1ccc(C(=O)Nc2ccc(OC)cn2)cc1,make_on_demand,28,1380
A-0223,Cc1ccc(NC(=O)c2ccc(C3CC3)cc2)nc1,make_on_demand,28,1230
A-0224,O=C(Nc1ccc(N2CCCCC2)cn1)c1ccc(-c2c3ccccc3nc3ccccc23)cc1,in_stock,0,0
A-0225,CC(=O)Nc1ccc(C(=O)Nc2ccc(-c3ccc(C(F)(F)F)cc3)cn2)cc1,make_on_demand,21,770
A-0226,Cc1ccc(C(=O)Nc2ccc(-c3cccs3)cn2)cc1,make_on_demand,21,380
A-0227,Cc1ccc(NC(=O)c2ccc(N3CCN(C)CC3)cc2)nc1,make_on_demand,35,380
A-0228,O=C(Nc1ccc(-c2cccs2)cn1)c1ccc(Br)cc1,in_stock,0,0
A-0229,CS(=O)(=O)c1ccc(C(=O)Nc2ccc(S(N)(=O)=O)cn2)cc1,make_on_demand,21,880
A-0230,O=C(Nc1ccc(Cl)cn1)c1ccccc1,in_stock,0,0
A-0231,O=C(Nc1ccc(F)cn1)c1ccc(Cl)cc1,make_on_demand,35,730
A-0232,O=C(Nc1ccc(CO)cn1)c1ccc(N2CCOCC2)cc1,in_stock,0,0
A-0233,O=C(Nc1ccc(-c2ccc(-c3ccccc3)cc2)cn1)c1ccccc1,in_stock,0,0
A-0234,O=C(Nc1ccccn1)c1ccc(Br)cc1,in_stock,0,0
A-0235,CN(C)c1ccc(C(=O)Nc2ccc(-c3ccc(C(F)(F)F)cc3)cn2)cc1,make_on_demand,21,660
A-0236,O=C(Nc1ccccn1)c1ccc(-c2ccc3ccccc3c2)cc1,make_on_demand,28,1090
A-0237,O=C(Nc1ccc(-c2ccc(C(F)(F)F)cc2)cn1)c1ccc(F)cc1,make_on_demand,21,750
A-0238,O=C(Nc1ccc(N2CCCCC2)cn1)c1ccc(Cl)cc1,make_on_demand,28,1310
A-0239,CS(=O)(=O)c1ccc(C(=O)Nc2ccc(-c3ccc(-c4ccccc4)cc3)cn2)cc1,in_stock,0,0
A-0240,Cc1ccc(C(=O)Nc2ccc(-c3ccc(-c4ccccc4)cc3)cn2)cc1,in_stock,0,0
A-0241,CC(=O)Nc1ccc(C(=O)Nc2ccc(C(N)=O)cn2)cc1,in_stock,0,0
A-0242,N#Cc1ccc(C(=O)Nc2ccc(C(N)=O)cn2)cc1,in_stock,0,0
A-0243,O=C(Nc1ccc(N2CCOCC2)cn1)c1ccccc1,in_stock,0,0
A-0244,CC(C)(C)c1ccc(C(=O)Nc2ccccn2)cc1,make_on_demand,35,1350
A-0245,NC(=O)c1ccc(NC(=O)c2ccc(F)cc2)nc1,in_stock,0,0
A-0246,COc1ccc(C(=O)Nc2ccc(CO)cn2)cc1,in_stock,0,0
A-0247,O=C(Nc1ccc(-c2ccccc2)cn1)c1ccc(OC(F)(F)F)cc1,in_stock,0,0
A-0248,Cc1ccc(NC(=O)c2ccc(Br)cc2)nc1,in_stock,0,0
A-0249,CC(C)(C)c1ccc(C(=O)Nc2ccc(-c3ccc(-c4ccccc4)cc3)cn2)cc1,in_stock,0,0
A-0250,O=C(Nc1ccc(-c2cccs2)cn1)c1ccccc1,make_on_demand,28,470
A-0251,O=C(Nc1ccc(F)cn1)c1ccc(N2CCOCC2)cc1,in_stock,0,0
A-0252,O=C(Nc1ccc(C(F)(F)F)cn1)c1ccc(Br)cc1,in_stock,0,0
A-0253,O=C(Nc1ccc(CO)cn1)c1ccc(-c2ccccc2)cc1,in_stock,0,0
A-0254,COc1ccc(NC(=O)c2ccc(-c3c4ccccc4nc4ccccc34)cc2)nc1,make_on_demand,21,1120
A-0255,O=C(Nc1ccc(CO)cn1)c1ccc(-c2c3ccccc3nc3ccccc23)cc1,make_on_demand,28,900
A-0256,CN1CCN(c2ccc(C(=O)Nc3ccc(CO)cn3)cc2)CC1,make_on_demand,35,840
A-0257,O=C(Nc1ccc(-c2cccs2)cn1)c1ccc(-c2c3ccccc3nc3ccccc23)cc1,in_stock,0,0
A-0258,O=C(Nc1ccc(-c2ccc(F)cc2)cn1)c1ccc(-c2cccnc2)cc1,in_stock,0,0
A-0259,COc1ccc(NC(=O)c2ccc(Cl)cc2)nc1,make_on_demand,28,720
A-0260,O=C(Nc1ccc(Nc2ccc([N+](=O)[O-])c3nonc23)cn1)c1ccc(-c2ccccc2)cc1,in_stock,0,0
A-0261,O=C(Nc1ccc(-c2ccc(-c3ccccc3)cc2)cn1)c1ccc(C(F)(F)F)cc1,in_stock,0,0
A-0262,COc1ccc(NC(=O)c2ccc(Br)cc2)nc1,in_stock,0,0
A-0263,O=C(Nc1ccc(-c2ccccc2)cn1)c1ccc(Cl)cc1,make_on_demand,21,880
A-0264,CC(=O)Nc1ccc(C(=O)Nc2ccc(-c3cnn(C)c3)cn2)cc1,in_stock,0,0
A-0265,N#Cc1ccc(NC(=O)c2ccc(C3CC3)cc2)nc1,make_on_demand,21,670
A-0266,O=C(Nc1ccc(F)cn1)c1ccc(Br)cc1,in_stock,0,0
A-0267,CN1CCN(c2ccc(C(=O)Nc3ccc(C(F)(F)F)cn3)cc2)CC1,make_on_demand,21,380
A-0268,O=C(Nc1ccc(Nc2ccc([N+](=O)[O-])c3nonc23)cn1)c1ccc(N2CCOCC2)cc1,in_stock,0,0
A-0269,Cc1ccc(C(=O)Nc2ccc(-c3ccccc3)cn2)cc1,in_stock,0,0
A-0270,Cc1ccc(C(=O)Nc2ccc(F)cn2)cc1,make_on_demand,35,480
A-0271,Cc1ccc(NC(=O)c2ccc(C(F)(F)F)cc2)nc1,make_on_demand,28,770
A-0272,CN(C)c1ccc(C(=O)Nc2ccccn2)cc1,in_stock,0,0
A-0273,O=C(Nc1ccc(F)cn1)c1ccc(-c2ccc3ccccc3c2)cc1,in_stock,0,0
A-0274,CS(=O)(=O)c1ccc(C(=O)Nc2ccc(C3CC3)cn2)cc1,make_on_demand,35,560
A-0275,O=C(Nc1ccc(-c2ccc(-c3ccccc3)cc2)cn1)c1ccc(C2CC2)cc1,in_stock,0,0
A-0276,CC(=O)Nc1ccc(C(=O)Nc2ccc(N3CCOCC3)cn2)cc1,make_on_demand,28,1230
A-0277,O=C(Nc1ccc(-c2ccc(F)cc2)cn1)c1ccc(Cl)cc1,in_stock,0,0
A-0278,NC(=O)c1ccc(NC(=O)c2ccc(Cl)cc2)nc1,make_on_demand,21,1050
A-0279,N#Cc1ccc(C(=O)Nc2ccc(N3CCCCC3)cn2)cc1,make_on_demand,35,920
A-0280,CN1CCN(c2ccc(C(=O)Nc3ccc(N4CCOCC4)cn3)cc2)CC1,in_stock,0,0
A-0281,Cn1cc(-c2ccc(NC(=O)c3ccc(S(C)(=O)=O)cc3)nc2)cn1,in_stock,0,0
A-0282,O=C(Nc1ccc(CO)cn1)c1ccc(F)cc1,make_on_demand,28,1280
A-0283,CN(C)c1ccc(C(=O)Nc2ccc(-c3ccc(-c4ccccc4)cc3)cn2)cc1,make_on_demand,28,830
A-0284,COc1ccc(NC(=O)c2ccc(C#N)cc2)nc1,make_on_demand,21,670
A-0285,O=C(Nc1ccc(Cl)cn1)c1ccc(-c2cccnc2)cc1,in_stock,0,0
A-0286,O=C(Nc1ccc(CO)cn1)c1ccc(-c2cccnc2)cc1,in_stock,0,0
A-0287,CS(=O)(=O)c1ccc(C(=O)Nc2ccc(F)cn2)cc1,in_stock,0,0
A-0288,O=C(Nc1ccc(N2CCCCC2)cn1)c1ccc(OC(F)(F)F)cc1,make_on_demand,28,430
A-0289,O=C(Nc1ccc(C2CC2)cn1)c1ccc(-c2ccccc2)cc1,in_stock,0,0
A-0290,COc1ccc(C(=O)Nc2ccccn2)cc1,make_on_demand,21,1290
A-0291,O=C(Nc1ccc(-c2cccs2)cn1)c1ccc(F)cc1,in_stock,0,0
A-0292,O=C(Nc1ccc(-c2ccc(-c3ccccc3)cc2)cn1)c1ccc(Br)cc1,in_stock,0,0
A-0293,CS(=O)(=O)c1ccc(C(=O)Nc2ccc(-c3ccccc3)cn2)cc1,make_on_demand,28,570
A-0294,CC(C)(C)c1ccc(C(=O)Nc2ccc(-c3ccc(F)cc3)cn2)cc1,in_stock,0,0
A-0295,Cn1cc(-c2ccc(NC(=O)c3ccc(Br)cc3)nc2)cn1,in_stock,0,0
A-0296,COc1ccc(C(=O)Nc2ccc(C(F)(F)F)cn2)cc1,make_on_demand,35,720
A-0297,O=C(Nc1ccccn1)c1ccc(Cl)cc1,make_on_demand,28,980
A-0298,O=C(Nc1ccc(C2CC2)cn1)c1ccc(C(F)(F)F)cc1,make_on_demand,28,1190
A-0299,O=C(Nc1ccc(Nc2ccc([N+](=O)[O-])c3nonc23)cn1)c1ccc(C(F)(F)F)cc1,make_on_demand,21,1020
A-0300,CN(C)c1ccc(C(=O)Nc2ccc(S(N)(=O)=O)cn2)cc1,make_on_demand,21,740
A-0301,NS(=O)(=O)c1ccc(NC(=O)c2ccc(C3CC3)cc2)nc1,in_stock,0,0
A-0302,O=C(Nc1ccc(-c2ccc(-c3ccccc3)cc2)cn1)c1ccc(Cl)cc1,in_stock,0,0
A-0303,O=C(Nc1ccc(CO)cn1)c1ccc(-c2ccc3ccccc3c2)cc1,make_on_demand,28,710
A-0304,CN1CCN(c2ccc(C(=O)Nc3ccccn3)cc2)CC1,make_on_demand,35,850
A-0305,O=C(Nc1ccc(N2CCCCC2)cn1)c1ccc(Br)cc1,make_on_demand,28,570
A-0306,O=C(Nc1ccc(-c2cccs2)cn1)c1ccc(-c2cccnc2)cc1,in_stock,0,0
A-0307,COc1ccc(C(=O)Nc2ccc(N3CCOCC3)cn2)cc1,make_on_demand,35,1350
A-0308,Cn1cc(-c2ccc(NC(=O)c3ccc(-c4c5ccccc5nc5ccccc45)cc3)nc2)cn1,make_on_demand,35,1300
A-0309,COc1ccc(C(=O)Nc2ccc(C)cn2)cc1,in_stock,0,0
A-0310,CC(C)(C)c1ccc(C(=O)Nc2ccc(N3CCOCC3)cn2)cc1,make_on_demand,28,690
A-0311,O=C(Nc1ccc(-c2ccc(C(F)(F)F)cc2)cn1)c1ccc(N2CCOCC2)cc1,in_stock,0,0
A-0312,Cc1ccc(C(=O)Nc2ccccn2)cc1,in_stock,0,0
A-0313,O=C(Nc1ccc(C(F)(F)F)cn1)c1ccc(C2CC2)cc1,in_stock,0,0
A-0314,O=C(Nc1ccc(F)cn1)c1ccc(-c2c3ccccc3nc3ccccc23)cc1,make_on_demand,28,940
A-0315,Cc1ccc(NC(=O)c2ccc(-c3cccnc3)cc2)nc1,in_stock,0,0
A-0316,O=C(Nc1ccc(-c2ccc(-c3ccccc3)cc2)cn1)c1ccc(F)cc1,in_stock,0,0
A-0317,COc1ccc(C(=O)Nc2ccc(Cl)cn2)cc1,in_stock,0,0
A-0318,CN(C)c1ccc(C(=O)Nc2ccc(N3CCCCC3)cn2)cc1,in_stock,0,0
A-0319,COc1ccc(NC(=O)c2ccccc2)nc1,make_on_demand,35,480
A-0320,NC(=O)c1ccc(NC(=O)c2ccc(-c3cccnc3)cc2)nc1,in_stock,0,0
A-0321,CC(C)(C)c1ccc(C(=O)Nc2ccc(Nc3ccc([N+](=O)[O-])c4nonc34)cn2)cc1,make_on_demand,35,440
A-0322,COc1ccc(C(=O)Nc2ccc(F)cn2)cc1,in_stock,0,0
A-0323,O=C(Nc1ccc(C2CC2)cn1)c1ccc(-c2cccnc2)cc1,in_stock,0,0
A-0324,Cc1ccc(C(=O)Nc2ccc(S(N)(=O)=O)cn2)cc1,make_on_demand,21,1070
A-0325,N#Cc1ccc(C(=O)Nc2ccc(S(N)(=O)=O)cn2)cc1,in_stock,0,0
A-0326,O=C(Nc1ccc(-c2ccccc2)cn1)c1ccc(Br)cc1,in_stock,0,0
A-0327,O=C(Nc1ccc(-c2ccc(C(F)(F)F)cc2)cn1)c1ccc(Br)cc1,in_stock,0,0
A-0328,N#Cc1ccc(C(=O)Nc2ccc(Nc3ccc([N+](=O)[O-])c4nonc34)cn2)cc1,in_stock,0,0
A-0329,O=C(Nc1ccc(-c2ccccc2)cn1)c1ccc(-c2c3ccccc3nc3ccccc23)cc1,make_on_demand,21,1200
A-0330,O=C(Nc1ccc(C2CC2)cn1)c1ccc(-c2ccc3ccccc3c2)cc1,in_stock,0,0
A-0331,O=C(Nc1ccccn1)c1ccc(-c2cccnc2)cc1,make_on_demand,28,1260
A-0332,O=C(Nc1ccc(-c2ccccc2)cn1)c1ccc(-c2ccc3ccccc3c2)cc1,in_stock,0,0
A-0333,Cc1ccc(NC(=O)c2ccc(F)cc2)nc1,in_stock,0,0
A-0334,O=C(Nc1ccc(-c2ccc(F)cc2)cn1)c1ccc(C2CC2)cc1,make_on_demand,28,550
A-0335,CN1CCN(c2ccc(C(=O)Nc3ccc(-c4cccs4)cn3)cc2)CC1,in_stock,0,0
A-0336,N#Cc1ccc(C(=O)Nc2ccc(C(F)(F)F)cn2)cc1,make_on_demand,35,570
A-0337,O=C(Nc1ccc(-c2ccccc2)cn1)c1ccc(F)cc1,in_stock,0,0
A-0338,N#Cc1ccc(C(=O)Nc2ccc(N3CCOCC3)cn2)cc1,in_stock,0,0
A-0339,N#Cc1ccc(C(=O)Nc2ccc(-c3ccc(-c4ccccc4)cc3)cn2)cc1,in_stock,0,0
A-0340,COc1ccc(NC(=O)c2ccc(N3CCN(C)CC3)cc2)nc1,in_stock,0,0
A-0341,O=C(Nc1ccc(Nc2ccc([N+](=O)[O-])c3nonc23)cn1)c1ccc(Cl)cc1,in_stock,0,0
A-0342,CC(C)(C)c1ccc(C(=O)Nc2ccc(C3CC3)cn2)cc1,in_stock,0,0
A-0343,CN(C)c1ccc(C(=O)Nc2ccc(-c3cccs3)cn2)cc1,make_on_demand,28,890
A-0344,CS(=O)(=O)c1ccc(C(=O)Nc2ccc(CO)cn2)cc1,in_stock,0,0
A-0345,O=C(Nc1ccc(C2CC2)cn1)c1ccc(C2CC2)cc1,make_on_demand,28,390
A-0346,O=C(Nc1ccc(N2CCOCC2)cn1)c1ccc(F)cc1,make_on_demand,35,760
A-0347,N#Cc1ccc(C(=O)Nc2ccc(-c3ccc(F)cc3)cn2)cc1,make_on_demand,21,1030
A-0348,CN1CCN(c2ccc(C(=O)Nc3ccc(-c4ccc(C(F)(F)F)cc4)cn3)cc2)CC1,make_on_demand,28,900
A-0349,CC(C)(C)c1ccc(C(=O)Nc2ccc(F)cn2)cc1,in_stock,0,0
A-0350,N#Cc1ccc(NC(=O)c2ccc(-c3cccnc3)cc2)nc1,in_stock,0,0
A-0351,COc1ccc(NC(=O)c2ccc(N3CCOCC3)cc2)nc1,in_stock,0,0
A-0352,Cc1ccc(C(=O)Nc2ccc(-c3ccc(F)cc3)cn2)cc1,in_stock,0,0
A-0353,O=C(Nc1ccc(N2CCOCC2)cn1)c1ccc(C(F)(F)F)cc1,make_on_demand,21,1160
A-0354,O=C(Nc1ccc(-c2ccc(F)cc2)cn1)c1ccccc1,make_on_demand,28,870
A-0355,Cc1ccc(C(=O)Nc2ccc(N3CCOCC3)cn2)cc1,in_stock,0,0
A-0356,NS(=O)(=O)c1ccc(NC(=O)c2ccc(-c3ccccc3)cc2)nc1,make_on_demand,35,1150
A-0357,COc1ccc(NC(=O)c2ccc(-c3cccnc3)cc2)nc1,in_stock,0,0
A-0358,Cc1ccc(NC(=O)c2ccc(OC(F)(F)F)cc2)nc1,make_on_demand,21,1220
A-0359,COc1ccc(C(=O)Nc2ccc(-c3ccccc3)cn2)cc1,make_on_demand,35,1080
A-0360,O=C(Nc1ccc(-c2ccc(-c3ccccc3)cc2)cn1)c1ccc(-c2ccc3ccccc3c2)cc1,in_stock,0,0
A-0361,O=C(Nc1ccc(Cl)cn1)c1ccc(-c2ccccc2)cc1,in_stock,0,0
A-0362,NS(=O)(=O)c1ccc(NC(=O)c2ccc(-c3c4ccccc4nc4ccccc34)cc2)nc1,make_on_demand,35,850
A-0363,O=C(Nc1ccc(-c2ccc(-c3ccccc3)cc2)cn1)c1ccc(N2CCOCC2)cc1,make_on_demand,21,440
A-0364,N#Cc1ccc(C(=O)Nc2ccc(-c3cccs3)cn2)cc1,in_stock,0,0
A-0365,Cc1ccc(NC(=O)c2ccc(S(C)(=O)=O)cc2)nc1,make_on_demand,35,450
A-0366,N#Cc1ccc(NC(=O)c2ccccc2)nc1,make_on_demand,35,360
A-0367,O=C(Nc1ccccn1)c1ccc(C(F)(F)F)cc1,make_on_demand,28,1310
A-0368,O=C(Nc1ccc(Nc2ccc([N+](=O)[O-])c3nonc23)cn1)c1ccc(-c2c3ccccc3nc3ccccc23)cc1,in_stock,0,0
A-0369,O=C(Nc1ccc(N2CCCCC2)cn1)c1ccc(C(F)(F)F)cc1,in_stock,0,0
A-0370,O=C(Nc1ccc(-c2ccccc2)cn1)c1ccc(-c2ccccc2)cc1,in_stock,0,0
A-0371,O=C(Nc1ccc(-c2ccc(F)cc2)cn1)c1ccc(N2CCOCC2)cc1,make_on_demand,28,400
A-0372,CN1CCN(c2ccc(C(=O)Nc3ccc(S(N)(=O)=O)cn3)cc2)CC1,in_stock,0,0
A-0373,CC(C)(C)c1ccc(C(=O)Nc2ccc(CO)cn2)cc1,make_on_demand,21,970
A-0374,Cn1cc(-c2ccc(NC(=O)c3ccc(OC(F)(F)F)cc3)nc2)cn1,in_stock,0,0
A-0375,CN1CCN(c2ccc(C(=O)Nc3ccc(F)cn3)cc2)CC1,make_on_demand,21,1230
A-0376,O=C(Nc1ccc(F)cn1)c1ccccc1,make_on_demand,35,1080
A-0377,NS(=O)(=O)c1ccc(NC(=O)c2ccccc2)nc1,make_on_demand,21,860
A-0378,N#Cc1ccc(C(=O)Nc2ccc(CO)cn2)cc1,make_on_demand,35,1330
A-0379,NS(=O)(=O)c1ccc(NC(=O)c2ccc(Br)cc2)nc1,in_stock,0,0
A-0380,O=C(Nc1ccc(-c2ccc(C(F)(F)F)cc2)cn1)c1ccc(-c2cccnc2)cc1,in_stock,0,0
A-0381,O=C(Nc1ccc(N2CCOCC2)cn1)c1ccc(N2CCOCC2)cc1,in_stock,0,0
A-0382,COc1ccc(C(=O)Nc2ccc(N3CCCCC3)cn2)cc1,make_on_demand,21,850
A-0383,Cc1ccc(NC(=O)c2ccc(Cl)cc2)nc1,make_on_demand,35,800
A-0384,O=C(Nc1ccc(-c2cccs2)cn1)c1ccc(C(F)(F)F)cc1,in_stock,0,0
A-0385,CC(=O)Nc1ccc(C(=O)Nc2ccc(C3CC3)cn2)cc1,make_on_demand,28,1210
A-0386,CC(=O)Nc1ccc(C(=O)Nc2ccc(Cl)cn2)cc1,make_on_demand,21,1130
A-0387,O=C(Nc1ccc(N2CCOCC2)cn1)c1ccc(-c2ccc3ccccc3c2)cc1,make_on_demand,28,1230
A-0388,O=C(Nc1ccc(Nc2ccc([N+](=O)[O-])c3nonc23)cn1)c1ccc(-c2ccc3ccccc3c2)cc1,in_stock,0,0
A-0389,O=C(Nc1ccc(CO)cn1)c1ccccc1,in_stock,0,0
A-0390,CN(C)c1ccc(C(=O)Nc2ccc(F)cn2)cc1,make_on_demand,35,370
A-0391,NC(=O)c1ccc(NC(=O)c2ccccc2)nc1,in_stock,0,0
A-0392,O=C(Nc1ccc(-c2cccs2)cn1)c1ccc(-c2ccccc2)cc1,in_stock,0,0
A-0393,NC(=O)c1ccc(NC(=O)c2ccc(C(F)(F)F)cc2)nc1,make_on_demand,35,530
A-0394,CN(C)c1ccc(C(=O)Nc2ccc(C3CC3)cn2)cc1,make_on_demand,28,550
A-0395,CN(C)c1ccc(C(=O)Nc2ccc(-c3ccc(F)cc3)cn2)cc1,in_stock,0,0
A-0396,O=C(Nc1ccc(C(F)(F)F)cn1)c1ccc(-c2c3ccccc3nc3ccccc23)cc1,make_on_demand,35,500
A-0397,N#Cc1ccc(C(=O)Nc2ccc(C3CC3)cn2)cc1,make_on_demand,28,380
A-0398,N#Cc1ccc(C(=O)Nc2ccc(F)cn2)cc1,make_on_demand,28,420
A-0399,Cc1ccc(C(=O)Nc2ccc(-c3ccc(C(F)(F)F)cc3)cn2)cc1,in_stock,0,0
A-0400,O=C(Nc1ccc(Cl)cn1)c1ccc(Cl)cc1,make_on_demand,35,1320
A-0401,COc1ccc(NC(=O)c2ccc(N3CCN(C)CC3)cc2)nc1.Cl,in_stock,0,0
B-0001,CN(C)C1CCN(c2cc(-c3ccc(C(F)(F)F)cc3)nc(N)n2)C1,make_on_demand,28,560
B-0002,Nc1nc(-c2ccccc2)cc(N2CCC(O)C2)n1,in_stock,0,0
B-0003,NC(=O)[C@H]1CCN(c2cc(-c3ccc(Cl)cc3)nc(N)n2)C1,make_on_demand,28,520
B-0004,CC(=O)N[C@H]1CCN(c2cc(-c3cccnc3)nc(N)n2)C1,make_on_demand,21,970
B-0005,Cn1cc(-c2cc(N3CCC(O)C3)nc(N)n2)cn1,in_stock,0,0
B-0006,Nc1nc(-c2ccc(F)cc2)cc(N2CC[C@H](O)C2)n1,make_on_demand,28,1260
B-0007,NC(=O)[C@@H]1CCN(c2cc(-c3ccc(N4CCOCC4)cc3)nc(N)n2)C1,in_stock,0,0
B-0008,Nc1nc(-c2cccc(Cl)c2)cc(N2CC[C@@H](CO)C2)n1,make_on_demand,35,1190
B-0009,CC(=O)N[C@@H]1CCN(c2cc(-c3ccc(C(F)(F)F)cc3)nc(N)n2)C1,make_on_demand,35,660
B-0010,CN(C)C1CCN(c2cc(-c3ccc4ccccc4c3)nc(N)n2)C1,in_stock,0,0
B-0011,COC1CCN(c2cc(C3CCCCC3)nc(N)n2)C1,make_on_demand,21,890
B-0012,NC(=O)C1CCN(c2cc(-c3ccc(-c4ccccc4)cc3)nc(N)n2)C1,make_on_demand,21,1310
B-0013,NC(=O)[C@@H]1CCN(c2cc(-c3ccc4ccccc4c3)nc(N)n2)C1,make_on_demand,21,1100
B-0014,Nc1nc(-c2ccc(F)c(F)c2)cc(N2CCC(c3ccccc3)C2)n1,make_on_demand,35,490
B-0015,NC(=O)C1CCN(c2cc(-c3cccc(Cl)c3)nc(N)n2)C1,in_stock,0,0
B-0016,Nc1nc(-c2ccc(Cl)cc2)cc(N2CC[C@H](CO)C2)n1,in_stock,0,0
B-0017,Nc1nc(-c2cccs2)cc(N2CCC(O)C2)n1,in_stock,0,0
B-0018,Nc1nc(-c2ccccc2)cc(N2CC[C@@H](N)C2)n1,in_stock,0,0
B-0019,NC(=O)[C@@H]1CCN(c2cc(-c3ccc(-c4ccccc4)cc3)nc(N)n2)C1,make_on_demand,28,370
B-0020,Nc1nc(-c2ccc(-c3ccccc3)cc2)cc(N2CC[C@@H](CO)C2)n1,in_stock,0,0
B-0021,CN(C)C1CCN(c2cc(-c3cccc(Cl)c3)nc(N)n2)C1,in_stock,0,0
B-0022,Nc1nc(-c2cccnc2)cc(N2CC[C@H](CO)C2)n1,make_on_demand,35,1040
B-0023,CC(=O)N[C@@H]1CCN(c2cc(-c3cccs3)nc(N)n2)C1,make_on_demand,35,700
B-0024,CN(C)C1CCN(c2cc(-c3ccccc3)nc(N)n2)C1,in_stock,0,0
B-0025,Nc1nc(-c2ccc3ccccc3c2)cc(N2CCC(O)C2)n1,make_on_demand,28,670
B-0026,COC1CCN(c2cc(-c3ccccc3)nc(N)n2)C1,in_stock,0,0
B-0027,CS(=O)(=O)NC1CCN(c2cc(-c3ccc(C(F)(F)F)cc3)nc(N)n2)C1,in_stock,0,0
B-0028,COc1ccc(-c2cc(N3CCC(c4ccccc4)C3)nc(N)n2)cc1,in_stock,0,0
B-0029,NC(=O)C1CCN(c2cc(-c3ccc4ccccc4c3)nc(N)n2)C1,make_on_demand,28,940
B-0030,Nc1nc(-c2ccccc2F)cc(N2CC[C@H](CO)C2)n1,make_on_demand,28,370
B-0031,NC(=O)[C@H]1CCN(c2cc(-c3ccc4ccccc4c3)nc(N)n2)C1,in_stock,0,0
B-0032,Nc1nc(-c2ccc(-c3ccccc3)cc2)cc(N2CCC(O)C2)n1,in_stock,0,0
B-0033,Nc1nc(-c2ccc(N3CCOCC3)cc2)cc(N2CCC(F)C2)n1,make_on_demand,28,1190
B-0034,Nc1nc(-c2ccc(F)c(F)c2)cc(N2CC[C@H](N)C2)n1,in_stock,0,0
B-0035,Nc1nc(-c2cccs2)cc(N2CCC(F)C2)n1,in_stock,0,0
B-0036,NC(=O)[C@H]1CCN(c2cc(-c3ccc(N4CCOCC4)cc3)nc(N)n2)C1,in_stock,0,0
B-0037,Nc1nc(-c2ccccc2F)cc(N2CCC(CO)C2)n1,in_stock,0,0
B-0038,Nc1nc(-c2cccs2)cc(N2CCC(N)C2)n1,in_stock,0,0
B-0039,Nc1nc(-c2ccccc2F)cc(N2CC[C@H](O)C2)n1,in_stock,0,0
B-0040,Nc1nc(-c2ccc(C(F)(F)F)cc2)cc(N2CC[C@@H](N)C2)n1,make_on_demand,28,760
B-0041,Nc1nc(-c2ccccc2)cc(N2CCC(N)C2)n1,make_on_demand,35,1120
B-0042,Cn1cc(-c2cc(N3CCC(CO)C3)nc(N)n2)cn1,in_stock,0,0
B-0043,CC(=O)NC1CCN(c2cc(-c3ccccc3)nc(N)n2)C1,in_stock,0,0
B-0044,COC1CCN(c2cc(-c3ccccc3F)nc(N)n2)C1,make_on_demand,35,1340
B-0045,Cn1cc(-c2cc(N3CC[C@@H](N)C3)nc(N)n2)cn1,make_on_demand,21,470
B-0046,Nc1nc(-c2ccc(C(F)(F)F)cc2)cc(N2CC[C@@H](O)C2)n1,in_stock,0,0
B-0047,Nc1nc(-c2cccnc2)cc(N2CCC(F)C2)n1,in_stock,0,0
B-0048,Nc1nc(-c2ccc(F)c(F)c2)cc(N2CCC(F)C2)n1,in_stock,0,0
B-0049,CS(=O)(=O)NC1CCN(c2cc(-c3ccccc3F)nc(N)n2)C1,in_stock,0,0
B-0050,Nc1nc(-c2ccc(-c3ccccc3)cc2)cc(N2CC[C@H](N)C2)n1,make_on_demand,35,1240
B-0051,CN(C)C1CCN(c2cc(C3CCCCC3)nc(N)n2)C1,in_stock,0,0
B-0052,Nc1nc(-c2cccc(Cl)c2)cc(N2CCC(CO)C2)n1,make_on_demand,35,1360
B-0053,Nc1nc(C2CCCCC2)cc(N2CCC(F)C2)n1,in_stock,0,0
B-0054,Nc1nc(-c2ccc(C(F)(F)F)cc2)cc(N2CC[C@H](O)C2)n1,in_stock,0,0
B-0055,Nc1nc(C2CCCCC2)cc(N2CCC(O)C2)n1,in_stock,0,0
B-0056,CS(=O)(=O)NC1CCN(c2cc(-c3cccnc3)nc(N)n2)C1,in_stock,0,0
B-0057,Nc1nc(-c2cccnc2)cc(N2CC[C@H](O)C2)n1,in_stock,0,0
B-0058,Cn1cc(-c2cc(N3CCCC3)nc(N)n2)cn1,in_stock,0,0
B-0059,CC(=O)N[C@H]1CCN(c2cc(-c3cccs3)nc(N)n2)C1,in_stock,0,0
B-0060,CN(C)C1CCN(c2cc(-c3ccc(F)c(F)c3)nc(N)n2)C1,in_stock,0,0
B-0061,Nc1nc(-c2ccc(N3CCOCC3)cc2)cc(N2CC[C@H](N)C2)n1,make_on_demand,28,1180
B-0062,Nc1nc(-c2ccccc2F)cc(N2CC[C@@H](CO)C2)n1,in_stock,0,0
B-0063,Nc1nc(-c2ccccc2)cc(N2CCC(CO)C2)n1,in_stock,0,0
B-0064,Nc1nc(-c2ccc3ccccc3c2)cc(N2CC[C@@H](N)C2)n1,make_on_demand,35,1350
B-0065,COc1ccc(-c2cc(N3CC[C@@H](O)C3)nc(N)n2)cc1,in_stock,0,0
B-0066,Nc1nc(-c2ccccc2F)cc(N2CCCC2)n1,in_stock,0,0
B-0067,Cn1cc(-c2cc(N3CC[C@@H](CO)C3)nc(N)n2)cn1,in_stock,0,0
B-0068,COC1CCN(c2cc(-c3cccc(Cl)c3)nc(N)n2)C1,in_stock,0,0
B-0069,CC(=O)N[C@H]1CCN(c2cc(-c3ccccc3)nc(N)n2)C1,make_on_demand,28,410
B-0070,N#CC1CCN(c2cc(-c3ccc(-c4ccccc4)cc3)nc(N)n2)C1,in_stock,0,0
B-0071,Nc1nc(-c2cccnc2)cc(N2CCC(O)C2)n1,make_on_demand,21,970
B-0072,Nc1nc(-c2ccc(N3CCOCC3)cc2)cc(N2CC[C@@H](CO)C2)n1,make_on_demand,28,1090
B-0073,CC(=O)NC1CCN(c2cc(C3CCCCC3)nc(N)n2)C1,in_stock,0,0
B-0074,Cn1cc(-c2cc(N3CCC(c4ccccc4)C3)nc(N)n2)cn1,in_stock,0,0
B-0075,NC(=O)[C@@H]1CCN(c2cc(-c3ccc(Cl)cc3)nc(N)n2)C1,make_on_demand,35,1140
B-0076,CN(C)C1CCN(c2cc(-c3cccs3)nc(N)n2)C1,make_on_demand,28,540
B-0077,NC(=O)C1CCN(c2cc(-c3ccc(F)cc3)nc(N)n2)C1,in_stock,0,0
B-0078,Nc1nc(-c2ccccc2)cc(N2CC[C@H](CO)C2)n1,make_on_demand,21,1380
B-0079,CS(=O)(=O)NC1CCN(c2cc(-c3cccc(Cl)c3)nc(N)n2)C1,make_on_demand,21,670
B-0080,Nc1nc(-c2ccc(C(F)(F)F)cc2)cc(N2CCC(F)C2)n1,in_stock,0,0
B-0081,Nc1nc(-c2ccc(-c3ccccc3)cc2)cc(N2CC[C@@H](O)C2)n1,in_stock,0,0
B-0082,CC(=O)N[C@@H]1CCN(c2cc(-c3ccccc3F)nc(N)n2)C1,make_on_demand,35,1120
B-0083,CC(=O)NC1CCN(c2cc(-c3cccc(Cl)c3)nc(N)n2)C1,in_stock,0,0
B-0084,CC(=O)NC1CCN(c2cc(-c3ccc(F)c(F)c3)nc(N)n2)C1,make_on_demand,35,480
B-0085,CC(=O)NC1CCN(c2cc(-c3cccnc3)nc(N)n2)C1,in_stock,0,0
B-0086,Nc1nc(-c2ccc3ccccc3c2)cc(N2CC[C@H](CO)C2)n1,in_stock,0,0
B-0087,NC(=O)[C@H]1CCN(c2cc(-c3ccc(F)cc3)nc(N)n2)C1,make_on_demand,35,400
B-0088,CC(=O)N[C@H]1CCN(c2cc(-c3ccc(N4CCOCC4)cc3)nc(N)n2)C1,make_on_demand,35,1080
B-0089,Nc1nc(-c2ccc(-c3ccccc3)cc2)cc(N2CCC(N)C2)n1,in_stock,0,0
B-0090,Nc1nc(-c2cccs2)cc(N2CCCC2)n1,make_on_demand,21,370
B-0091,Nc1nc(-c2ccccc2)cc(N2CCC(F)C2)n1,in_stock,0,0
B-0092,Nc1nc(-c2ccc3ccccc3c2)cc(N2CCC(CO)C2)n1,in_stock,0,0
B-0093,Nc1nc(-c2ccc(C(F)(F)F)cc2)cc(N2CCC(N)C2)n1,in_stock,0,0
B-0094,Nc1nc(-c2ccc(F)cc2)cc(N2CC[C@H](N)C2)n1,make_on_demand,35,860
B-0095,Nc1nc(-c2ccc(F)c(F)c2)cc(N2CCC(O)C2)n1,in_stock,0,0
B-0096,NC(=O)[C@H]1CCN(c2cc(-c3ccc(C(F)(F)F)cc3)nc(N)n2)C1,make_on_demand,35,480
B-0097,N#CC1CCN(c2cc(-c3ccccc3F)nc(N)n2)C1,in_stock,0,0
B-0098,Cn1cc(-c2cc(N3CCC(F)C3)nc(N)n2)cn1,make_on_demand,35,860
B-0099,CC(=O)N[C@H]1CCN(c2cc(-c3ccccc3F)nc(N)n2)C1,make_on_demand,28,610
B-0100,Nc1nc(-c2ccc3ccccc3c2)cc(N2CCC(c3ccccc3)C2)n1,in_stock,0,0
B-0101,Nc1nc(C2CCCCC2)cc(N2CCC(N)C2)n1,in_stock,0,0
B-0102,COc1ccc(-c2cc(N3CC[C@H](O)C3)nc(N)n2)cc1,in_stock,0,0
B-0103,CC(=O)N[C@@H]1CCN(c2cc(-c3ccc4ccccc4c3)nc(N)n2)C1,in_stock,0,0
B-0104,Nc1nc(-c2ccc(F)c(F)c2)cc(N2CCC(N)C2)n1,in_stock,0,0
B-0105,NC(=O)[C@H]1CCN(c2cc(-c3ccccc3)nc(N)n2)C1,in_stock,0,0
B-0106,Nc1nc(C2CCCCC2)cc(N2CCCC2)n1,in_stock,0,0
B-0107,Nc1nc(-c2ccc(-c3ccccc3)cc2)cc(N2CC[C@H](O)C2)n1,make_on_demand,21,360
B-0108,COC1CCN(c2cc(-c3ccc(N4CCOCC4)cc3)nc(N)n2)C1,in_stock,0,0
B-0109,Cn1cc(-c2cc(N3CC[C@H](N)C3)nc(N)n2)cn1,make_on_demand,21,1250
B-0110,Nc1nc(-c2ccccc2F)cc(N2CCC(O)C2)n1,in_stock,0,0
B-0111,Nc1nc(-c2ccc3ccccc3c2)cc(N2CCC(F)C2)n1,make_on_demand,35,1340
B-0112,CN(C)C1CCN(c2cc(-c3cccnc3)nc(N)n2)C1,make_on_demand,21,1390
B-0113,Nc1nc(-c2ccc(Cl)cc2)cc(N2CC[C@@H](CO)C2)n1,make_on_demand,21,380
B-0114,CC(=O)N[C@@H]1CCN(c2cc(-c3ccc(F)c(F)c3)nc(N)n2)C1,in_stock,0,0
B-0115,CN(C)C1CCN(c2cc(-c3ccc(Cl)cc3)nc(N)n2)C1,make_on_demand,28,700
B-0116,NC(=O)[C@@H]1CCN(c2cc(-c3ccc(F)cc3)nc(N)n2)C1,in_stock,0,0
B-0117,Nc1nc(-c2ccc(F)c(F)c2)cc(N2CC[C@@H](CO)C2)n1,make_on_demand,28,490
B-0118,Nc1nc(-c2cccnc2)cc(N2CC[C@@H](CO)C2)n1,make_on_demand,35,600
B-0119,COc1ccc(-c2cc(N3CC[C@@H](N)C3)nc(N)n2)cc1,make_on_demand,35,1240
B-0120,Nc1nc(-c2ccc(N3CCOCC3)cc2)cc(N2CC[C@H](CO)C2)n1,make_on_demand,21,430
B-0121,Nc1nc(-c2ccc(Cl)cc2)cc(N2CCC(O)C2)n1,make_on_demand,35,800
B-0122,Nc1nc(-c2ccc(N3CCOCC3)cc2)cc(N2CCCC2)n1,in_stock,0,0
B-0123,COc1ccc(-c2cc(N3CC[C@@H](NC(C)=O)C3)nc(N)n2)cc1,make_on_demand,35,730
B-0124,CS(=O)(=O)NC1CCN(c2cc(-c3ccc(N4CCOCC4)cc3)nc(N)n2)C1,in_stock,0,0
B-0125,Nc1nc(-c2ccc(F)cc2)cc(N2CCCC2)n1,make_on_demand,28,980
B-0126,CC(=O)N[C@@H]1CCN(c2cc(-c3cccc(Cl)c3)nc(N)n2)C1,in_stock,0,0
B-0127,N#CC1CCN(c2cc(-c3ccc4ccccc4c3)nc(N)n2)C1,in_stock,0,0
B-0128,NC(=O)C1CCN(c2cc(-c3ccccc3)nc(N)n2)C1,make_on_demand,28,930
B-0129,Nc1nc(-c2ccc(Cl)cc2)cc(N2CCCC2)n1,in_stock,0,0
B-0130,Cn1cc(-c2cc(N3CC[C@H](CO)C3)nc(N)n2)cn1,in_stock,0,0
B-0131,Nc1nc(-c2cccnc2)cc(N2CCC(CO)C2)n1,in_stock,0,0
B-0132,NC(=O)[C@@H]1CCN(c2cc(-c3ccccc3)nc(N)n2)C1,make_on_demand,28,610
B-0133,Nc1nc(-c2ccc(C(F)(F)F)cc2)cc(N2CCC(c3ccccc3)C2)n1,in_stock,0,0
B-0134,Nc1nc(-c2cccnc2)cc(N2CCCC2)n1,in_stock,0,0
B-0135,Nc1nc(-c2ccc(F)c(F)c2)cc(N2CC[C@H](CO)C2)n1,make_on_demand,28,390
B-0136,NC(=O)[C@H]1CCN(c2cc(-c3cccs3)nc(N)n2)C1,make_on_demand,35,1390
B-0137,CC(=O)NC1CCN(c2cc(-c3cccs3)nc(N)n2)C1,make_on_demand,35,1400
B-0138,Nc1nc(-c2ccc(F)c(F)c2)cc(N2CCCC2)n1,make_on_demand,35,360
B-0139,NC(=O)[C@H]1CCN(c2cc(-c3ccc(-c4ccccc4)cc3)nc(N)n2)C1,in_stock,0,0
B-0140,CC(=O)NC1CCN(c2cc(-c3ccc(F)cc3)nc(N)n2)C1,in_stock,0,0
B-0141,CC(=O)NC1CCN(c2cc(-c3ccc(Cl)cc3)nc(N)n2)C1,in_stock,0,0
B-0142,CN(C)C1CCN(c2cc(-c3ccc(-c4ccccc4)cc3)nc(N)n2)C1,in_stock,0,0
B-0143,N#CC1CCN(c2cc(-c3ccc(F)c(F)c3)nc(N)n2)C1,in_stock,0,0
B-0144,Nc1nc(-c2ccc(F)c(F)c2)cc(N2CCC(CO)C2)n1,make_on_demand,35,640
B-0145,COC1CCN(c2cc(-c3ccc(C(F)(F)F)cc3)nc(N)n2)C1,make_on_demand,35,820
B-0146,Nc1nc(-c2ccc(N3CCOCC3)cc2)cc(N2CC[C@H](O)C2)n1,in_stock,0,0
B-0147,NC(=O)[C@@H]1CCN(c2cc(-c3ccccc3F)nc(N)n2)C1,make_on_demand,35,450
B-0148,NC(=O)C1CCN(c2cc(-c3ccccc3F)nc(N)n2)C1,in_stock,0,0
B-0149,COc1ccc(-c2cc(N3CCC(F)C3)nc(N)n2)cc1,make_on_demand,21,370
B-0150,Nc1nc(-c2ccc(-c3ccccc3)cc2)cc(N2CCC(F)C2)n1,make_on_demand,35,770
B-0151,Nc1nc(-c2cccnc2)cc(N2CC[C@@H](N)C2)n1,in_stock,0,0
B-0152,Nc1nc(-c2ccc(Cl)cc2)cc(N2CC[C@@H](O)C2)n1,in_stock,0,0
B-0153,CS(=O)(=O)NC1CCN(c2cc(-c3ccc(-c4ccccc4)cc3)nc(N)n2)C1,in_stock,0,0
B-0154,COc1ccc(-c2cc(N3CC[C@H](N)C3)nc(N)n2)cc1,in_stock,0,0
B-0155,Nc1nc(-c2cccnc2)cc(N2CC[C@H](N)C2)n1,in_stock,0,0
B-0156,COc1ccc(-c2cc(N3CC[C@H](C(N)=O)C3)nc(N)n2)cc1,in_stock,0,0
B-0157,Nc1nc(-c2ccc(C(F)(F)F)cc2)cc(N2CCC(CO)C2)n1,make_on_demand,21,1350
B-0158,Nc1nc(-c2cccc(Cl)c2)cc(N2CCC(O)C2)n1,in_stock,0,0
B-0159,CC(=O)N[C@@H]1CCN(c2cc(-c3ccc(-c4ccccc4)cc3)nc(N)n2)C1,in_stock,0,0
B-0160,Nc1nc(-c2ccc(F)cc2)cc(N2CCC(c3ccccc3)C2)n1,in_stock,0,0
B-0161,CC(=O)NC1CCN(c2cc(-c3ccc(N4CCOCC4)cc3)nc(N)n2)C1,in_stock,0,0
B-0162,Nc1nc(C2CCCCC2)cc(N2CCC(c3ccccc3)C2)n1,in_stock,0,0
B-0163,Nc1nc(-c2ccc(N3CCOCC3)cc2)cc(N2CC[C@@H](O)C2)n1,in_stock,0,0
B-0164,Nc1nc(-c2cccs2)cc(N2CC[C@@H](O)C2)n1,make_on_demand,35,690
B-0165,N#CC1CCN(c2cc(-c3ccccc3)nc(N)n2)C1,in_stock,0,0
B-0166,NC(=O)C1CCN(c2cc(-c3cccs3)nc(N)n2)C1,make_on_demand,35,940
B-0167,Nc1nc(-c2ccc(C(F)(F)F)cc2)cc(N2CC[C@H](N)C2)n1,make_on_demand,35,1200
B-0168,Nc1nc(-c2cccs2)cc(N2CCC(c3ccccc3)C2)n1,in_stock,0,0
B-0169,COc1ccc(-c2cc(N3CCC(C(N)=O)C3)nc(N)n2)cc1,make_on_demand,28,630
B-0170,CS(=O)(=O)NC1CCN(c2cc(C3CCCCC3)nc(N)n2)C1,make_on_demand,21,990
B-0171,NC(=O)[C@@H]1CCN(c2cc(-c3cccnc3)nc(N)n2)C1,make_on_demand,21,880
B-0172,NC(=O)[C@@H]1CCN(c2cc(-c3ccc(C(F)(F)F)cc3)nc(N)n2)C1,in_stock,0,0
B-0173,Nc1nc(-c2cccc(Cl)c2)cc(N2CC[C@@H](O)C2)n1,in_stock,0,0
B-0174,COC1CCN(c2cc(-c3cccs3)nc(N)n2)C1,in_stock,0,0
B-0175,CN(C)C1CCN(c2cc(-c3cnn(C)c3)nc(N)n2)C1,make_on_demand,21,440
B-0176,Nc1nc(-c2ccccc2)cc(N2CCCC2)n1,in_stock,0,0
B-0177,Nc1nc(C2CCCCC2)cc(N2CC[C@@H](O)C2)n1,in_stock,0,0
B-0178,Cn1cc(-c2cc(N3CCC(C(N)=O)C3)nc(N)n2)cn1,in_stock,0,0
B-0179,Nc1nc(-c2ccccc2)cc(N2CC[C@@H](O)C2)n1,in_stock,0,0
B-0180,CN(C)C1CCN(c2cc(-c3ccc(N4CCOCC4)cc3)nc(N)n2)C1,make_on_demand,21,730
B-0181,Cn1cc(-c2cc(N3CC[C@@H](O)C3)nc(N)n2)cn1,make_on_demand,21,600
B-0182,Nc1nc(-c2ccccc2F)cc(N2CCC(F)C2)n1,in_stock,0,0
B-0183,CC(=O)N[C@@H]1CCN(c2cc(-c3cnn(C)c3)nc(N)n2)C1,in_stock,0,0
B-0184,COC1CCN(c2cc(-c3cnn(C)c3)nc(N)n2)C1,in_stock,0,0
B-0185,Nc1nc(C2CCCCC2)cc(N2CC[C@H](CO)C2)n1,make_on_demand,35,1220
B-0186,Nc1nc(-c2ccc3ccccc3c2)cc(N2CCCC2)n1,in_stock,0,0
B-0187,NC(=O)C1CCN(c2cc(-c3ccc(C(F)(F)F)cc3)nc(N)n2)C1,in_stock,0,0
B-0188,Nc1nc(-c2cccs2)cc(N2CC[C@H](N)C2)n1,in_stock,0,0
B-0189,Nc1nc(-c2ccc(C(F)(F)F)cc2)cc(N2CC[C@H](CO)C2)n1,in_stock,0,0
B-0190,CC(=O)N[C@H]1CCN(c2cc(-c3ccc(Cl)cc3)nc(N)n2)C1,make_on_demand,35,640
B-0191,Nc1nc(C2CCCCC2)cc(N2CC[C@@H](N)C2)n1,make_on_demand,35,970
B-0192,CC(=O)N[C@H]1CCN(c2cc(-c3ccc(F)c(F)c3)nc(N)n2)C1,in_stock,0,0
B-0193,CC(=O)N[C@H]1CCN(c2cc(C3CCCCC3)nc(N)n2)C1,make_on_demand,28,1120
B-0194,COc1ccc(-c2cc(N3CCC(NC(C)=O)C3)nc(N)n2)cc1,in_stock,0,0
B-0195,NC(=O)[C@H]1CCN(c2cc(-c3cccc(Cl)c3)nc(N)n2)C1,in_stock,0,0
B-0196,NC(=O)[C@H]1CCN(c2cc(-c3ccccc3F)nc(N)n2)C1,in_stock,0,0
B-0197,Nc1nc(-c2ccccc2F)cc(N2CCC(c3ccccc3)C2)n1,in_stock,0,0
B-0198,CC(=O)N[C@@H]1CCN(c2cc(-c3ccccc3)nc(N)n2)C1,in_stock,0,0
B-0199,NC(=O)[C@@H]1CCN(c2cc(-c3cccs3)nc(N)n2)C1,in_stock,0,0
B-0200,Nc1nc(-c2cccc(Cl)c2)cc(N2CCC(N)C2)n1,make_on_demand,28,680
B-0201,N#CC1CCN(c2cc(-c3ccc(Cl)cc3)nc(N)n2)C1,in_stock,0,0
B-0202,Nc1nc(-c2ccc(-c3ccccc3)cc2)cc(N2CCC(CO)C2)n1,in_stock,0,0
B-0203,COc1ccc(-c2cc(N3CC[C@@H](CO)C3)nc(N)n2)cc1,make_on_demand,28,490
B-0204,Nc1nc(-c2ccc(N3CCOCC3)cc2)cc(N2CCC(c3ccccc3)C2)n1,in_stock,0,0
B-0205,NC(=O)[C@@H]1CCN(c2cc(C3CCCCC3)nc(N)n2)C1,make_on_demand,21,740
B-0206,CC(=O)N[C@H]1CCN(c2cc(-c3ccc(C(F)(F)F)cc3)nc(N)n2)C1,in_stock,0,0
B-0207,Nc1nc(-c2cccs2)cc(N2CCC(CO)C2)n1,make_on_demand,28,400
B-0208,NC(=O)C1CCN(c2cc(-c3ccc(Cl)cc3)nc(N)n2)C1,in_stock,0,0
B-0209,COc1ccc(-c2cc(N3CCC(O)C3)nc(N)n2)cc1,in_stock,0,0
B-0210,Nc1nc(-c2ccc(Cl)cc2)cc(N2CCC(c3ccccc3)C2)n1,make_on_demand,35,730
B-0211,Nc1nc(-c2cccc(Cl)c2)cc(N2CC[C@@H](N)C2)n1,in_stock,0,0
B-0212,COC1CCN(c2cc(-c3cccnc3)nc(N)n2)C1,in_stock,0,0
B-0213,COc1ccc(-c2cc(N3CCCC3)nc(N)n2)cc1,in_stock,0,0
B-0214,N#CC1CCN(c2cc(-c3ccc(N4CCOCC4)cc3)nc(N)n2)C1,in_stock,0,0
B-0215,NC(=O)C1CCN(c2cc(C3CCCCC3)nc(N)n2)C1,make_on_demand,21,630
B-0216,Nc1nc(-c2ccc(C(F)(F)F)cc2)cc(N2CC[C@@H](CO)C2)n1,make_on_demand,35,1300
B-0217,Cn1cc(-c2cc(N3CC[C@@H](C(N)=O)C3)nc(N)n2)cn1,in_stock,0,0
B-0218,COc1ccc(-c2cc(N3CCC(C#N)C3)nc(N)n2)cc1,make_on_demand,28,630
B-0219,Nc1nc(-c2ccc(F)cc2)cc(N2CC[C@@H](O)C2)n1,make_on_demand,28,1320
B-0220,COC1CCN(c2cc(-c3ccc(F)c(F)c3)nc(N)n2)C1,make_on_demand,28,720
B-0221,CC(=O)N[C@@H]1CCN(c2cc(-c3ccc(F)cc3)nc(N)n2)C1,make_on_demand,28,1220
B-0222,Nc1nc(-c2ccc(F)cc2)cc(N2CCC(CO)C2)n1,in_stock,0,0
B-0223,Nc1nc(-c2ccc(N3CCOCC3)cc2)cc(N2CC[C@@H](N)C2)n1,in_stock,0,0
B-0224,Nc1nc(-c2ccccc2F)cc(N2CCC(N)C2)n1,in_stock,0,0
B-0225,CS(=O)(=O)NC1CCN(c2cc(-c3cccs3)nc(N)n2)C1,in_stock,0,0
B-0226,Nc1nc(-c2ccc(F)cc2)cc(N2CC[C@@H](CO)C2)n1,make_on_demand,28,1020
B-0227,NC(=O)[C@H]1CCN(c2cc(C3CCCCC3)nc(N)n2)C1,in_stock,0,0
B-0228,Nc1nc(-c2cccs2)cc(N2CC[C@H](CO)C2)n1,make_on_demand,21,1390
B-0229,Nc1nc(-c2ccc(F)c(F)c2)cc(N2CC[C@@H](O)C2)n1,in_stock,0,0
B-0230,Nc1nc(-c2ccc(Cl)cc2)cc(N2CCC(CO)C2)n1,in_stock,0,0
B-0231,N#CC1CCN(c2cc(-c3ccc(F)cc3)nc(N)n2)C1,in_stock,0,0
B-0232,Cn1cc(-c2cc(N3CCC(NS(C)(=O)=O)C3)nc(N)n2)cn1,make_on_demand,35,950
B-0233,N#CC1CCN(c2cc(-c3cccs3)nc(N)n2)C1,in_stock,0,0
B-0234,Nc1nc(-c2ccccc2F)cc(N2CC[C@@H](N)C2)n1,make_on_demand,35,410
B-0235,Cn1cc(-c2cc(N3CC[C@H](O)C3)nc(N)n2)cn1,in_stock,0,0
B-0236,CC(=O)N[C@@H]1CCN(c2cc(-c3ccc(N4CCOCC4)cc3)nc(N)n2)C1,make_on_demand,28,1160
B-0237,Nc1nc(-c2ccc(Cl)cc2)cc(N2CC[C@H](N)C2)n1,in_stock,0,0
B-0238,Nc1nc(-c2cccnc2)cc(N2CCC(c3ccccc3)C2)n1,in_stock,0,0
B-0239,N#CC1CCN(c2cc(-c3ccc(C(F)(F)F)cc3)nc(N)n2)C1,make_on_demand,35,1120
B-0240,NC(=O)C1CCN(c2cc(-c3ccc(N4CCOCC4)cc3)nc(N)n2)C1,in_stock,0,0
B-0241,CN(C)C1CCN(c2cc(-c3ccc(F)cc3)nc(N)n2)C1,in_stock,0,0
B-0242,Cn1cc(-c2cc(N3CCC(N)C3)nc(N)n2)cn1,make_on_demand,28,1230
B-0243,Nc1nc(-c2ccc3ccccc3c2)cc(N2CC[C@H](N)C2)n1,make_on_demand,35,1100
B-0244,COc1ccc(-c2cc(N3CCC(NS(C)(=O)=O)C3)nc(N)n2)cc1,make_on_demand,35,710
B-0245,Nc1nc(-c2cccc(Cl)c2)cc(N2CCCC2)n1,in_stock,0,0
B-0246,NC(=O)[C@H]1CCN(c2cc(-c3ccc(F)c(F)c3)nc(N)n2)C1,make_on_demand,35,470
B-0247,Nc1nc(-c2ccc(-c3ccccc3)cc2)cc(N2CCC(c3ccccc3)C2)n1,make_on_demand,28,460
B-0248,Nc1nc(-c2ccc(Cl)cc2)cc(N2CC[C@H](O)C2)n1,in_stock,0,0
B-0249,Nc1nc(-c2cccnc2)cc(N2CC[C@@H](O)C2)n1,make_on_demand,35,480
B-0250,Nc1nc(-c2ccccc2)cc(N2CC[C@@H](CO)C2)n1,make_on_demand,28,370
B-0251,Nc1nc(-c2cccc(Cl)c2)cc(N2CCC(c3ccccc3)C2)n1,in_stock,0,0
B-0252,Nc1nc(-c2ccc(F)c(F)c2)cc(N2CC[C@@H](N)C2)n1,in_stock,0,0
B-0253,Nc1nc(-c2ccc(C(F)(F)F)cc2)cc(N2CCC(O)C2)n1,in_stock,0,0
B-0254,COc1ccc(-c2cc(N3CCC(CO)C3)nc(N)n2)cc1,in_stock,0,0
B-0255,Nc1nc(-c2cccc(Cl)c2)cc(N2CC[C@H](O)C2)n1,make_on_demand,28,1250
B-0256,CS(=O)(=O)NC1CCN(c2cc(-c3ccc(Cl)cc3)nc(N)n2)C1,in_stock,0,0
B-0257,COC1CCN(c2cc(-c3ccc(Cl)cc3)nc(N)n2)C1,in_stock,0,0
B-0258,Nc1nc(C2CCCCC2)cc(N2CCC(CO)C2)n1,make_on_demand,35,1230
B-0259,CC(=O)NC1CCN(c2cc(-c3ccc(-c4ccccc4)cc3)nc(N)n2)C1,in_stock,0,0
B-0260,Cn1cc(-c2cc(N3CCC(C#N)C3)nc(N)n2)cn1,in_stock,0,0
B-0261,CC(=O)N[C@H]1CCN(c2cc(-c3ccc(-c4ccccc4)cc3)nc(N)n2)C1,in_stock,0,0
B-0262,Nc1nc(-c2cccc(Cl)c2)cc(N2CC[C@H](N)C2)n1,in_stock,0,0
B-0263,COc1ccc(-c2cc(N3CCC(N)C3)nc(N)n2)cc1,in_stock,0,0
B-0264,Nc1nc(-c2ccc(N3CCOCC3)cc2)cc(N2CCC(N)C2)n1,in_stock,0,0
B-0265,Nc1nc(-c2ccccc2)cc(N2CC[C@H](O)C2)n1,make_on_demand,35,1320
B-0266,NC(=O)C1CCN(c2cc(-c3cccnc3)nc(N)n2)C1,in_stock,0,0
B-0267,Nc1nc(-c2cccs2)cc(N2CC[C@@H](CO)C2)n1,make_on_demand,28,1230
B-0268,CS(=O)(=O)NC1CCN(c2cc(-c3ccccc3)nc(N)n2)C1,in_stock,0,0
B-0269,Nc1nc(-c2ccc(-c3ccccc3)cc2)cc(N2CCCC2)n1,in_stock,0,0
B-0270,Nc1nc(-c2ccc(C(F)(F)F)cc2)cc(N2CCCC2)n1,make_on_demand,35,1370
B-0271,CS(=O)(=O)NC1CCN(c2cc(-c3ccc(F)c(F)c3)nc(N)n2)C1,in_stock,0,0
B-0272,Nc1nc(-c2ccc(Cl)cc2)cc(N2CC[C@@H](N)C2)n1,make_on_demand,35,470
B-0273,Nc1nc(-c2ccc3ccccc3c2)cc(N2CC[C@@H](O)C2)n1,in_stock,0,0
B-0274,N#CC1CCN(c2cc(-c3cccnc3)nc(N)n2)C1,in_stock,0,0
B-0275,Nc1nc(C2CCCCC2)cc(N2CC[C@@H](CO)C2)n1,in_stock,0,0
B-0276,CC(=O)N[C@H]1CCN(c2cc(-c3ccc4ccccc4c3)nc(N)n2)C1,in_stock,0,0
B-0277,Nc1nc(-c2ccc(F)cc2)cc(N2CCC(O)C2)n1,make_on_demand,21,1140
B-0278,CS(=O)(=O)NC1CCN(c2cc(-c3ccc(F)cc3)nc(N)n2)C1,in_stock,0,0
B-0279,Nc1nc(-c2ccc(F)cc2)cc(N2CC[C@H](CO)C2)n1,make_on_demand,21,350
B-0280,Nc1nc(-c2cccc(Cl)c2)cc(N2CC[C@H](CO)C2)n1,make_on_demand,28,880
B-0281,CC(=O)N[C@H]1CCN(c2cc(-c3cccc(Cl)c3)nc(N)n2)C1,make_on_demand,28,560
B-0282,NC(=O)[C@@H]1CCN(c2cc(-c3ccc(F)c(F)c3)nc(N)n2)C1,make_on_demand,28,680
B-0283,CC(=O)N[C@@H]1CCN(c2cc(-c3ccc(Cl)cc3)nc(N)n2)C1,in_stock,0,0
B-0284,Nc1nc(-c2ccccc2F)cc(N2CC[C@H](N)C2)n1,in_stock,0,0
B-0285,NC(=O)[C@H]1CCN(c2cc(-c3cccnc3)nc(N)n2)C1,make_on_demand,21,1140
B-0286,Nc1nc(-c2ccccc2F)cc(N2CC[C@@H](O)C2)n1,make_on_demand,21,730
B-0287,COc1ccc(-c2cc(N3CCC(OC)C3)nc(N)n2)cc1,in_stock,0,0
B-0288,Nc1nc(-c2cccnc2)cc(N2CCC(N)C2)n1,in_stock,0,0
B-0289,Nc1nc(-c2ccc(-c3ccccc3)cc2)cc(N2CC[C@@H](N)C2)n1,in_stock,0,0
B-0290,Nc1nc(-c2ccc3ccccc3c2)cc(N2CC[C@H](O)C2)n1,in_stock,0,0
B-0291,N#CC1CCN(c2cc(C3CCCCC3)nc(N)n2)C1,in_stock,0,0
B-0292,Nc1nc(C2CCCCC2)cc(N2CC[C@H](N)C2)n1,in_stock,0,0
B-0293,Nc1nc(-c2ccccc2)cc(N2CCC(c3ccccc3)C2)n1,in_stock,0,0
B-0294,CS(=O)(=O)NC1CCN(c2cc(-c3ccc4ccccc4c3)nc(N)n2)C1,in_stock,0,0
B-0295,CC(=O)N[C@@H]1CCN(c2cc(-c3cccnc3)nc(N)n2)C1,in_stock,0,0
B-0296,COc1ccc(-c2cc(N3CCC(N(C)C)C3)nc(N)n2)cc1,in_stock,0,0
B-0297,Nc1nc(-c2ccc(Cl)cc2)cc(N2CCC(F)C2)n1,in_stock,0,0
B-0298,Nc1nc(-c2ccc(-c3ccccc3)cc2)cc(N2CC[C@H](CO)C2)n1,make_on_demand,35,400
B-0299,Nc1nc(-c2ccc(F)c(F)c2)cc(N2CC[C@H](O)C2)n1,make_on_demand,35,1250
B-0300,CC(=O)NC1CCN(c2cc(-c3cnn(C)c3)nc(N)n2)C1,in_stock,0,0
B-0301,Nc1nc(-c2ccc(N3CCOCC3)cc2)cc(N2CCC(CO)C2)n1,make_on_demand,35,430
B-0302,Nc1nc(-c2ccccc2)cc(N2CC[C@H](N)C2)n1,make_on_demand,28,370
B-0303,COC1CCN(c2cc(-c3ccc(F)cc3)nc(N)n2)C1,in_stock,0,0
B-0304,COc1ccc(-c2cc(N3CC[C@H](CO)C3)nc(N)n2)cc1,make_on_demand,28,850
B-0305,CC(=O)NC1CCN(c2cc(-c3ccc4ccccc4c3)nc(N)n2)C1,in_stock,0,0
B-0306,NC(=O)[C@@H]1CCN(c2cc(-c3cccc(Cl)c3)nc(N)n2)C1,in_stock,0,0
B-0307,CC(=O)NC1CCN(c2cc(-c3ccccc3F)nc(N)n2)C1,make_on_demand,28,1060
B-0308,CC(=O)N[C@@H]1CCN(c2cc(C3CCCCC3)nc(N)n2)C1,in_stock,0,0
B-0309,Nc1nc(-c2cccc(Cl)c2)cc(N2CCC(F)C2)n1,make_on_demand,28,1350
B-0310,Nc1nc(-c2ccc(F)cc2)cc(N2CCC(N)C2)n1,in_stock,0,0
B-0311,CN(C)C1CCN(c2cc(-c3ccccc3F)nc(N)n2)C1,make_on_demand,35,610
B-0312,Nc1nc(-c2ccc3ccccc3c2)cc(N2CCC(N)C2)n1,in_stock,0,0
B-0313,Nc1nc(C2CCCCC2)cc(N2CC[C@H](O)C2)n1,in_stock,0,0
B-0314,COC1CCN(c2cc(-c3ccc4ccccc4c3)nc(N)n2)C1,in_stock,0,0
B-0315,Nc1nc(-c2ccc3ccccc3c2)cc(N2CC[C@@H](CO)C2)n1,make_on_demand,21,850
B-0316,CC(=O)NC1CCN(c2cc(-c3ccc(C(F)(F)F)cc3)nc(N)n2)C1,in_stock,0,0
B-0317,Cn1cc(-c2cc(N3CC[C@H](C(N)=O)C3)nc(N)n2)cn1,make_on_demand,35,720
B-0318,CC(=O)N[C@H]1CCN(c2cc(-c3cnn(C)c3)nc(N)n2)C1,in_stock,0,0
B-0319,Nc1nc(-c2ccc(F)cc2)cc(N2CCC(F)C2)n1,in_stock,0,0
B-0320,NC(=O)C1CCN(c2cc(-c3ccc(F)c(F)c3)nc(N)n2)C1,in_stock,0,0
B-0321,Nc1nc(-c2ccc(F)cc2)cc(N2CC[C@@H](N)C2)n1,in_stock,0,0
B-0322,COc1ccc(-c2cc(N3CC[C@H](NC(C)=O)C3)nc(N)n2)cc1,in_stock,0,0
B-0323,Nc1nc(-c2cccs2)cc(N2CC[C@H](O)C2)n1,make_on_demand,28,1170
B-0324,COc1ccc(-c2cc(N3CC[C@@H](C(N)=O)C3)nc(N)n2)cc1,in_stock,0,0
B-0325,Nc1nc(-c2ccc(N3CCOCC3)cc2)cc(N2CCC(O)C2)n1,in_stock,0,0
B-0326,COC1CCN(c2cc(-c3ccc(-c4ccccc4)cc3)nc(N)n2)C1,make_on_demand,35,400
B-0327,N#CC1CCN(c2cc(-c3cccc(Cl)c3)nc(N)n2)C1,make_on_demand,28,610
B-0328,CC(=O)N[C@H]1CCN(c2cc(-c3ccc(F)cc3)nc(N)n2)C1,in_stock,0,0
B-0329,Nc1nc(-c2cccs2)cc(N2CC[C@@H](N)C2)n1,make_on_demand,21,720
B-0330,Nc1nc(-c2ccc(Cl)cc2)cc(N2CCC(N)C2)n1,in_stock,0,0
B-0331,CN(C)C1CCN(c2cc(-c3ccc(-c4ccccc4)cc3)nc(N)n2)C1.Cl,in_stock,0,0
B-0332,Nc1nc(-c2ccc(-c3ccccc3)cc2)cc(N2CCC(N)C2)n1.Cl,in_stock,0,0
C-0001,Cc1ccc2[nH]c(C3CCCCC3)nc2c1,make_on_demand,35,1330
C-0002,NC(=O)c1ccc2[nH]c(-c3cccnc3)nc2c1,make_on_demand,35,390
C-0003,c1ccc(Cc2nc3cc(N4CCOCC4)ccc3[nH]2)cc1,make_on_demand,35,1030
C-0004,Cc1ccc2[nH]c(C(C)(C)C)nc2c1,in_stock,0,0
C-0005,CS(=O)(=O)c1ccc(-c2nc3cc(C(N)=O)ccc3[nH]2)cc1,make_on_demand,28,1360
C-0006,NC(=O)c1ccc2[nH]c(-c3cccs3)nc2c1,make_on_demand,21,1110
C-0007,c1cc2[nH]c(C3CCCCC3)nc2cc1N1CCOCC1,make_on_demand,35,940
C-0008,Cc1ccc2[nH]c(-c3ccccc3)nc2c1,make_on_demand,28,720
C-0009,c1csc(-c2nc3cc(N4CCOCC4)ccc3[nH]2)c1,make_on_demand,28,1120
C-0010,COc1ccc2[nH]c(-c3ccncc3)nc2c1,make_on_demand,28,860
C-0011,N#Cc1ccc2[nH]c(-c3ccc(C(F)(F)F)cc3)nc2c1,make_on_demand,28,670
C-0012,CS(=O)(=O)c1ccc2[nH]c(-c3ccc(C(F)(F)F)cc3)nc2c1,make_on_demand,35,1390
C-0013,Fc1ccc(-c2nc3cc(F)ccc3[nH]2)cc1,make_on_demand,21,550
C-0014,CC(C)(C)c1nc2cc(C#N)ccc2[nH]1,make_on_demand,35,1240
C-0015,COc1ccc(-c2nc3ccccc3[nH]2)cc1,make_on_demand,21,690
C-0016,c1coc(-c2nc3ccccc3[nH]2)c1,make_on_demand,35,1130
C-0017,COc1ccc(-c2nc3cc(F)ccc3[nH]2)cc1,make_on_demand,21,790
C-0018,FC(F)(F)c1ccc2[nH]c(-c3ccccc3)nc2c1,make_on_demand,28,1170
C-0019,CC(C)(C)c1nc2cc(N3CCOCC3)ccc2[nH]1,make_on_demand,21,1300
C-0020,Fc1ccc(-c2nc3cc(C(F)(F)F)ccc3[nH]2)cc1,make_on_demand,28,740
C-0021,Cn1cc(-c2nc3cc(Cl)ccc3[nH]2)cn1,make_on_demand,28,740
C-0022,CS(=O)(=O)c1ccc(-c2nc3cc(F)ccc3[nH]2)cc1,make_on_demand,28,870
C-0023,CS(=O)(=O)c1ccc(-c2nc3cc(Cl)ccc3[nH]2)cc1,make_on_demand,28,390
C-0024,FC(F)(F)c1ccc2[nH]c(-c3cccnc3)nc2c1,in_stock,0,0
C-0025,Fc1ccc2[nH]c(-c3ccncc3)nc2c1,make_on_demand,28,860
C-0026,COc1ccc2[nH]c(C(C)(C)C)nc2c1,make_on_demand,28,680
C-0027,c1cc(-c2nc3cc(N4CCOCC4)ccc3[nH]2)ccn1,make_on_demand,21,590
C-0028,NC(=O)c1ccc2[nH]c(-c3ccncc3)nc2c1,make_on_demand,21,1140
C-0029,CS(=O)(=O)c1ccc2[nH]c(-c3ccccc3)nc2c1,make_on_demand,35,1290
C-0030,N#Cc1ccc2[nH]c(-c3cccnc3)nc2c1,make_on_demand,21,1130
C-0031,NC(=O)c1ccc2[nH]c(C3CC3)nc2c1,make_on_demand,21,450
C-0032,COc1ccc(-c2nc3cc(C(N)=O)ccc3[nH]2)cc1,make_on_demand,21,1320
C-0033,COc1ccc2[nH]c(-c3ccc(F)cc3)nc2c1,make_on_demand,21,1150
C-0034,Fc1ccc2[nH]c(-c3cccs3)nc2c1,make_on_demand,21,1190
C-0035,Cc1ccc2[nH]c(C3CC3)nc2c1,make_on_demand,35,1100
C-0036,Cn1cc(-c2nc3cc(C(F)(F)F)ccc3[nH]2)cn1,make_on_demand,35,1040
C-0037,CS(=O)(=O)c1ccc2[nH]c(Cc3ccccc3)nc2c1,make_on_demand,21,1260
C-0038,Cc1ccc2[nH]c(-c3cnn(C)c3)nc2c1,make_on_demand,35,990
C-0039,CC(C)(C)c1nc2cc(F)ccc2[nH]1,make_on_demand,28,870
C-0040,Fc1ccc2[nH]c(-c3ccccc3)nc2c1,make_on_demand,28,370
C-0041,c1ccc2[nH]c(C3CCCCC3)nc2c1,make_on_demand,35,1130
C-0042,NC(=O)c1ccc2[nH]c(C3CCCCC3)nc2c1,make_on_demand,21,900
C-0043,CC(C)(C)c1nc2cc(C(N)=O)ccc2[nH]1,make_on_demand,21,1000
C-0044,N#Cc1ccc2[nH]c(-c3cccs3)nc2c1,make_on_demand,35,990
C-0045,COc1ccc(-c2nc3cc(C#N)ccc3[nH]2)cc1,make_on_demand,28,760
C-0046,Cc1ccc2[nH]c(Cc3ccccc3)nc2c1,in_stock,0,0
C-0047,COc1ccc2[nH]c(-c3cccnc3)nc2c1,make_on_demand,35,1210
C-0048,N#Cc1ccc2[nH]c(Cc3ccccc3)nc2c1,make_on_demand,21,1120
C-0049,FC(F)(F)c1ccc(-c2nc3ccccc3[nH]2)cc1,make_on_demand,28,1330
C-0050,COc1ccc(-c2nc3cc(S(C)(=O)=O)ccc3[nH]2)cc1,make_on_demand,28,460
C-0051,CS(=O)(=O)c1ccc2[nH]c(C3CCCCC3)nc2c1,make_on_demand,21,1090
C-0052,Fc1ccc(-c2nc3ccccc3[nH]2)cc1,in_stock,0,0
C-0053,c1cncc(-c2nc3ccccc3[nH]2)c1,make_on_demand,28,680
C-0054,CS(=O)(=O)c1ccc2[nH]c(-c3ccc(F)cc3)nc2c1,make_on_demand,35,880
C-0055,FC(F)(F)c1ccc2[nH]c(-c3cccs3)nc2c1,make_on_demand,21,1090
C-0056,COc1ccc(-c2nc3cc(Cl)ccc3[nH]2)cc1,make_on_demand,28,500
C-0057,NC(=O)c1ccc2[nH]c(-c3ccc(F)cc3)nc2c1,in_stock,0,0
C-0058,Clc1ccc2[nH]c(-c3cccnc3)nc2c1,make_on_demand,35,820
C-0059,N#Cc1ccc2[nH]c(C3CC3)nc2c1,make_on_demand,28,370
C-0060,Cn1cc(-c2nc3cc(S(C)(=O)=O)ccc3[nH]2)cn1,make_on_demand,35,650
C-0061,CS(=O)(=O)c1ccc(-c2nc3cc(N4CCOCC4)ccc3[nH]2)cc1,make_on_demand,28,960
C-0062,Fc1ccc2[nH]c(C3CC3)nc2c1,make_on_demand,35,810
C-0063,c1ccc(-c2nc3ccccc3[nH]2)cc1,make_on_demand,35,1260
C-0064,Cn1cc(-c2nc3cc(C(N)=O)ccc3[nH]2)cn1,make_on_demand,35,530
C-0065,COc1ccc2[nH]c(Cc3ccccc3)nc2c1,make_on_demand,28,1160
C-0066,c1csc(-c2nc3ccccc3[nH]2)c1,make_on_demand,21,1300
C-0067,Cn1cc(-c2nc3cc(C#N)ccc3[nH]2)cn1,make_on_demand,28,740
C-0068,Clc1ccc2[nH]c(Cc3ccccc3)nc2c1,make_on_demand,28,970
C-0069,Cc1ccc2[nH]c(-c3ccc(F)cc3)nc2c1,make_on_demand,28,1370
C-0070,c1cc2[nH]c(C3CC3)nc2cc1N1CCOCC1,make_on_demand,28,360
C-0071,CC(C)(C)c1nc2cc(S(C)(=O)=O)ccc2[nH]1,make_on_demand,21,740
C-0072,CS(=O)(=O)c1ccc(-c2nc3cc(S(C)(=O)=O)ccc3[nH]2)cc1,make_on_demand,35,620
C-0073,COc1ccc2[nH]c(-c3ccccc3)nc2c1,make_on_demand,21,850
C-0074,NC(=O)c1ccc2[nH]c(-c3ccccc3)nc2c1,make_on_demand,35,1340
C-0075,Cc1ccc2[nH]c(-c3cccnc3)nc2c1,make_on_demand,21,770
C-0076,Cc1ccc2[nH]c(-c3ccncc3)nc2c1,make_on_demand,21,1380
C-0077,NC(=O)c1ccc2[nH]c(-c3ccc(C(F)(F)F)cc3)nc2c1,make_on_demand,28,1220
C-0078,Clc1ccc2[nH]c(-c3cccs3)nc2c1,make_on_demand,21,1150
C-0079,NC(=O)c1ccc2[nH]c(Cc3ccccc3)nc2c1,make_on_demand,28,690
C-0080,COc1ccc2[nH]c(-c3ccc(S(C)(=O)=O)cc3)nc2c1,in_stock,0,0
C-0081,CC(C)(C)c1nc2ccccc2[nH]1,make_on_demand,28,460
C-0082,CS(=O)(=O)c1ccc2[nH]c(C3CC3)nc2c1,make_on_demand,21,560
C-0083,COc1ccc2[nH]c(-c3ccc(C(F)(F)F)cc3)nc2c1,make_on_demand,35,500
C-0084,Fc1ccc(-c2nc3cc(N4CCOCC4)ccc3[nH]2)cc1,make_on_demand,28,470
C-0085,c1ccc2[nH]c(-c3ccncc3)nc2c1,make_on_demand,21,1350
C-0086,N#Cc1ccc2[nH]c(C3CCCCC3)nc2c1,make_on_demand,21,1220
C-0087,Clc1ccc2[nH]c(-c3ccco3)nc2c1,make_on_demand,28,370
C-0088,CS(=O)(=O)c1ccc2[nH]c(-c3cccnc3)nc2c1,make_on_demand,28,1010
C-0089,CS(=O)(=O)c1ccc2[nH]c(-c3ccco3)nc2c1,make_on_demand,35,940
C-0090,Fc1ccc(-c2nc3cc(Cl)ccc3[nH]2)cc1,make_on_demand,35,520
C-0091,CS(=O)(=O)c1ccc2[nH]c(-c3cccs3)nc2c1,make_on_demand,35,360
C-0092,COc1ccc2[nH]c(-c3cccs3)nc2c1,make_on_demand,21,1290
C-0093,Cc1ccc2[nH]c(-c3ccc(S(C)(=O)=O)cc3)nc2c1,make_on_demand,21,440
C-0094,CS(=O)(=O)c1ccc(-c2nc3cc(C(F)(F)F)ccc3[nH]2)cc1,make_on_demand,21,510
C-0095,COc1ccc(-c2nc3cc(N4CCOCC4)ccc3[nH]2)cc1,make_on_demand,28,390
C-0096,Cn1cc(-c2nc3ccccc3[nH]2)cn1,make_on_demand,21,1250
C-0097,Fc1ccc2[nH]c(-c3ccc(C(F)(F)F)cc3)nc2c1,make_on_demand,35,680
C-0098,N#Cc1ccc2[nH]c(-c3ccco3)nc2c1,make_on_demand,28,1220
C-0099,CC(C)(C)c1nc2cc(C(F)(F)F)ccc2[nH]1,make_on_demand,35,1170
C-0100,FC(F)(F)c1ccc2[nH]c(C3CCCCC3)nc2c1,make_on_demand,35,1030
C-0101,COc1ccc2[nH]c(C3CCCCC3)nc2c1,make_on_demand,35,480
C-0102,c1coc(-c2nc3cc(N4CCOCC4)ccc3[nH]2)c1,make_on_demand,28,610
C-0103,COc1ccc(-c2nc3cc(C)ccc3[nH]2)cc1,make_on_demand,28,1000
C-0104,N#Cc1ccc2[nH]c(-c3ccncc3)nc2c1,make_on_demand,28,1150
C-0105,COc1ccc2[nH]c(C3CC3)nc2c1,make_on_demand,35,1230
C-0106,Cn1cc(-c2nc3cc(F)ccc3[nH]2)cn1,make_on_demand,21,550
C-0107,N#Cc1ccc2[nH]c(-c3ccccc3)nc2c1,make_on_demand,21,630
C-0108,COc1ccc(-c2nc3cc(OC)ccc3[nH]2)cc1,make_on_demand,21,430
C-0109,Cc1ccc2[nH]c(-c3cccs3)nc2c1,make_on_demand,21,880
C-0110,Fc1ccc2[nH]c(-c3cccnc3)nc2c1,in_stock,0,0
C-0111,COc1ccc2[nH]c(-c3ccco3)nc2c1,in_stock,0,0
C-0112,c1ccc2[nH]c(C3CC3)nc2c1,make_on_demand,28,400
C-0113,Fc1ccc2[nH]c(-c3ccco3)nc2c1,make_on_demand,28,460
C-0114,Cc1ccc2[nH]c(-c3ccc(C(F)(F)F)cc3)nc2c1,make_on_demand,35,660
C-0115,N#Cc1ccc2[nH]c(-c3ccc(F)cc3)nc2c1,make_on_demand,21,1390
C-0116,CC(C)(C)c1nc2cc(Cl)ccc2[nH]1,in_stock,0,0
C-0117,Fc1ccc2[nH]c(C3CCCCC3)nc2c1,make_on_demand,28,1070
C-0118,Clc1ccc2[nH]c(C3CC3)nc2c1,make_on_demand,28,1040
C-0119,FC(F)(F)c1ccc(-c2nc3cc(Cl)ccc3[nH]2)cc1,make_on_demand,35,740
C-0120,c1ccc(Cc2nc3ccccc3[nH]2)cc1,make_on_demand,28,1230
C-0121,FC(F)(F)c1ccc2[nH]c(Cc3ccccc3)nc2c1,make_on_demand,35,890
C-0122,CS(=O)(=O)c1ccc2[nH]c(-c3ccncc3)nc2c1,make_on_demand,28,1090
C-0123,c1ccc(-c2nc3cc(N4CCOCC4)ccc3[nH]2)cc1,make_on_demand,28,440
C-0124,FC(F)(F)c1ccc2[nH]c(-c3ccncc3)nc2c1,make_on_demand,21,1370
C-0125,FC(F)(F)c1ccc(-c2nc3cc(C(F)(F)F)ccc3[nH]2)cc1,make_on_demand,28,660
C-0126,CS(=O)(=O)c1ccc(-c2nc3ccccc3[nH]2)cc1,make_on_demand,21,920
C-0127,COc1ccc(-c2nc3cc(C(F)(F)F)ccc3[nH]2)cc1,make_on_demand,21,490
C-0128,c1cncc(-c2nc3cc(N4CCOCC4)ccc3[nH]2)c1,make_on_demand,35,930
C-0129,Clc1ccc2[nH]c(C3CCCCC3)nc2c1,make_on_demand,21,850
C-0130,Clc1ccc2[nH]c(-c3ccccc3)nc2c1,make_on_demand,28,760
C-0131,FC(F)(F)c1ccc2[nH]c(-c3ccco3)nc2c1,make_on_demand,35,450
C-0132,COc1ccc2[nH]c(-c3cnn(C)c3)nc2c1,make_on_demand,35,1160
C-0133,Cn1cc(-c2nc3cc(N4CCOCC4)ccc3[nH]2)cn1,make_on_demand,28,1090
C-0134,Fc1ccc2[nH]c(Cc3ccccc3)nc2c1,make_on_demand,21,1200
C-0135,Cc1ccc2[nH]c(-c3ccco3)nc2c1,make_on_demand,21,1070
C-0136,FC(F)(F)c1ccc2[nH]c(C3CC3)nc2c1,make_on_demand,35,1250
C-0137,CS(=O)(=O)c1ccc(-c2nc3cc(C#N)ccc3[nH]2)cc1,make_on_demand,21,450
C-0138,NC(=O)c1ccc2[nH]c(-c3ccco3)nc2c1,make_on_demand,28,680
C-0139,FC(F)(F)c1ccc(-c2nc3cc(N4CCOCC4)ccc3[nH]2)cc1,make_on_demand,21,1380
C-0140,Clc1ccc2[nH]c(-c3ccncc3)nc2c1,make_on_demand,35,480
C-0141,FC(F)(F)c1ccc2nc(-c3cccnc3)[nH]c2c1,in_stock,0,0
C-0142,FC(F)(F)c1ccc2nc(-c3ccncc3)[nH]c2c1,make_on_demand,28,1290
