plate_id,run_id,compound_id,batch_id,ic50_um,qualifier,pic50,hill,top,bottom,r2
P001,R1,REF-1,REF-1-B01,0.11742,=,6.93,1.07,100.1,1.2,0.992
P001,R1,A-0285,A-0285-B01,0.39827,=,6.4,1.94,46.3,1.8,0.424
P001,R1,A-0042,A-0042-B01,0.231,=,6.64,5.0,41.4,6.2,0.283
P001,R1,A-0332,A-0332-B01,50.0,>,4.3,,,,
P001,R1,A-0257,A-0257-B01,50.0,>,4.3,,,,
P001,R1,A-0184,A-0184-B01,1.47331,=,5.83,0.93,105.1,2.0,0.996
P001,R1,A-0289,A-0289-B01,0.21585,=,6.67,5.0,40.6,7.3,0.24
P001,R1,A-0035,A-0035-B01,50.0,>,4.3,,,,
P001,R1,A-0370,A-0370-B01,50.0,>,4.3,,,,
P001,R1,A-0169,A-0169-B01,5.49709,=,5.26,1.16,100.7,4.4,0.995
P001,R1,A-0092,A-0092-B01,2.77263,=,5.56,1.01,113.0,3.6,0.998
P001,R1,A-0292,A-0292-B01,50.0,>,4.3,,,,
P001,R1,B-0010,B-0010-B01,0.83711,=,6.08,1.04,100.0,3.4,0.995
P001,R1,A-0134,A-0134-B01,50.0,>,4.3,,,,
P001,R1,A-0111,A-0111-B01,50.0,>,4.3,,,,
P001,R1,A-0261,A-0261-B01,50.0,>,4.3,,,,
P001,R1,A-0352,A-0352-B01,0.22632,=,6.65,5.0,36.3,0.9,0.261
P002,R1,REF-1,REF-1-B01,0.11022,=,6.96,1.03,99.4,-0.1,0.993
P002,R1,A-0023,A-0023-B01,50.0,>,4.3,,,,
P002,R1,A-0338,A-0338-B01,5.39847,=,5.27,0.95,106.5,4.7,0.993
P002,R1,A-0093,A-0093-B01,4.06676,=,5.39,0.93,100.7,2.1,0.992
P002,R1,A-0364,A-0364-B01,0.6839,=,6.17,2.38,51.2,5.5,0.522
P002,R1,A-0014,A-0014-B01,50.0,>,4.3,,,,
P002,R1,A-0233,A-0233-B01,50.0,>,4.3,,,,
P002,R1,A-0123,A-0123-B01,0.21567,=,6.67,3.63,34.1,5.6,0.2
P002,R1,A-0302,A-0302-B01,50.0,>,4.3,,,,
P002,R1,A-0252,A-0252-B01,0.52865,=,6.28,2.13,61.6,5.4,0.597
P002,R1,A-0057,A-0057-B01,0.18006,=,6.74,4.12,26.6,4.0,0.134
P002,R1,A-0339,A-0339-B01,50.0,>,4.3,,,,
P002,R1,B-0291,B-0291-B01,2.83913,=,5.55,0.98,105.5,3.1,0.995
P002,R1,A-0080,A-0080-B01,4.09977,=,5.39,1.13,96.9,4.5,0.994
P002,R1,A-0399,A-0399-B01,50.0,>,4.3,,,,
P002,R1,A-0262,A-0262-B01,1.90377,=,5.72,1.08,100.2,3.3,0.997
P002,R1,A-0056,A-0056-B01,1.68172,=,5.77,0.95,99.4,-0.7,0.995
P003,R1,REF-1,REF-1-B01,0.12095,=,6.92,1.09,96.6,0.6,0.991
P003,R1,A-0025,A-0025-B01,3.41243,=,5.47,0.95,98.8,-2.0,0.993
P003,R1,B-0160,B-0160-B01,0.22605,=,6.65,2.2,58.9,3.0,0.503
P003,R1,A-0196,A-0196-B01,0.78406,=,6.11,2.07,63.5,4.6,0.72
P003,R1,A-0166,A-0166-B01,0.53278,=,6.27,3.4,44.9,4.6,0.422
P003,R1,B-0070,B-0070-B01,0.48722,=,6.31,1.96,61.0,4.8,0.583
P003,R1,A-0340,A-0340-B01,2.64314,=,5.58,1.81,54.9,4.1,0.682
P003,R1,A-0027,A-0027-B01,6.27639,=,5.2,0.97,101.2,1.1,0.995
P003,R1,A-0220,A-0220-B01,3.23108,=,5.49,1.01,99.4,2.0,0.997
P003,R1,B-0165,B-0165-B01,1.32052,=,5.88,0.93,101.3,4.1,0.995
P003,R1,A-0247,A-0247-B01,0.12598,=,6.9,2.86,39.5,4.7,0.224
P003,R1,A-0212,A-0212-B01,50.0,>,4.3,,,,
P003,R1,B-0296,B-0296-B01,0.62119,=,6.21,1.0,98.5,1.3,0.996
P003,R1,A-0129,A-0129-B01,50.0,>,4.3,,,,
P003,R1,B-0209,B-0209-B01,0.26888,=,6.57,0.97,98.6,1.1,0.996
P003,R1,B-0005,B-0005-B01,0.1039,=,6.98,1.06,101.7,2.0,0.996
P003,R1,A-0113,A-0113-B01,50.0,>,4.3,,,,
P004,R1,REF-1,REF-1-B01,0.11029,=,6.96,1.07,95.5,1.6,0.992
P004,R1,A-0313,A-0313-B01,0.60566,=,6.22,2.71,46.8,0.2,0.479
P004,R1,A-0195,A-0195-B01,0.5381,=,6.27,2.35,50.5,4.1,0.393
P004,R1,A-0327,A-0327-B01,50.0,>,4.3,,,,
P004,R1,B-0287,B-0287-B01,0.78712,=,6.1,1.08,100.9,3.0,0.995
P004,R1,A-0269,A-0269-B01,0.47826,=,6.32,2.82,48.7,6.9,0.379
P004,R1,A-0318,A-0318-B01,2.81373,=,5.55,0.94,102.6,3.3,0.996
P004,R1,A-0005,A-0005-B01,10.55792,=,4.98,1.01,101.0,4.1,0.993
P004,R1,A-0003,A-0003-B01,3.97413,=,5.4,0.96,100.5,2.4,0.996
P004,R1,A-0360,A-0360-B01,50.0,>,4.3,,,,
P004,R1,A-0034,A-0034-B01,2.02724,=,5.69,0.99,104.1,2.9,0.994
P004,R1,A-0275,A-0275-B01,50.0,>,4.3,,,,
P004,R1,A-0273,A-0273-B01,50.0,>,4.3,,,,
P004,R1,B-0300,B-0300-B01,0.01918,=,7.72,1.58,101.5,4.7,0.995
P004,R1,A-0039,A-0039-B01,2.36363,=,5.63,1.01,103.8,3.0,0.995
P004,R1,B-0085,B-0085-B01,0.06993,=,7.16,1.05,101.0,4.3,0.995
P004,R1,A-0328,A-0328-B01,1.5957,=,5.8,1.46,85.3,-0.8,0.978
P005,R1,REF-1,REF-1-B01,0.13285,=,6.88,1.06,100.5,3.0,0.994
P005,R1,B-0153,B-0153-B01,0.14265,=,6.85,0.95,98.0,-1.1,0.995
P005,R1,A-0294,A-0294-B01,50.0,>,4.3,,,,
P005,R1,A-0333,A-0333-B01,4.1934,=,5.38,1.16,94.4,4.7,0.996
P005,R1,A-0361,A-0361-B01,0.22038,=,6.66,3.42,46.1,7.1,0.307
P005,R1,A-0201,A-0201-B01,50.0,>,4.3,,,,
P005,R1,A-0395,A-0395-B01,0.29876,=,6.52,2.43,53.3,6.3,0.425
P005,R1,B-0241,B-0241-B01,0.58227,=,6.23,1.0,100.2,4.5,0.997
P005,R1,A-0369,A-0369-B01,0.4939,=,6.31,2.41,52.5,5.4,0.447
P005,R1,A-0389,A-0389-B01,2.05115,=,5.69,1.76,62.6,3.1,0.723
P005,R1,A-0065,A-0065-B01,50.0,>,4.3,,,,
P005,R1,A-0291,A-0291-B01,0.4679,=,6.33,2.32,45.6,3.0,0.385
P005,R1,A-0047,A-0047-B01,0.56355,=,6.25,1.09,100.5,3.7,0.998
P005,R1,A-0110,A-0110-B01,0.19684,=,6.71,5.0,38.6,6.5,0.219
P005,R1,A-0217,A-0217-B01,1.2563,=,5.9,1.08,99.5,5.7,0.992
P005,R1,A-0219,A-0219-B01,0.45402,=,6.34,2.46,52.9,4.6,0.442
P005,R1,A-0216,A-0216-B01,0.23324,=,6.63,2.43,57.2,4.2,0.478
P006,R1,REF-1,REF-1-B01,0.09591,=,7.02,0.98,98.4,-10.5,0.933
P006,R1,A-0316,A-0316-B01,50.0,>,4.3,,,,
P006,R1,A-0392,A-0392-B01,50.0,>,4.3,,,,
P006,R1,A-0099,A-0099-B01,0.79755,=,6.1,1.67,70.1,2.4,0.656
P006,R1,B-0312,B-0312-B01,0.37605,=,6.42,1.32,100.1,8.9,0.907
P006,R1,A-0177,A-0177-B01,0.90983,=,6.04,2.45,48.0,-1.4,0.421
P006,R1,A-0357,A-0357-B01,0.93255,=,6.03,1.64,70.9,-0.5,0.802
P006,R1,B-0332,B-0332-B01,0.20351,=,6.69,0.82,100.2,1.7,0.948
P006,R1,B-0129,B-0129-B01,0.52098,=,6.28,1.08,97.4,-4.6,0.95
P006,R1,A-0268,A-0268-B01,1.45431,=,5.84,3.22,76.1,6.4,0.708
P006,R1,A-0060,A-0060-B01,0.91954,=,6.04,1.98,92.7,4.1,0.928
P006,R1,A-0384,A-0384-B01,50.0,>,4.3,,,,
P006,R1,B-0122,B-0122-B01,0.73862,=,6.13,1.19,99.0,1.6,0.952
P006,R1,B-0182,B-0182-B01,0.89566,=,6.05,1.98,63.7,2.0,0.586
P006,R1,B-0174,B-0174-B01,0.86126,=,6.06,0.75,105.8,-2.6,0.94
P006,R1,A-0130,A-0130-B01,0.18841,=,6.72,4.17,34.2,1.5,0.273
P006,R1,A-0010,A-0010-B01,7.39526,=,5.13,0.76,94.7,-1.0,0.892
P007,R1,REF-1,REF-1-B01,0.10468,=,6.98,0.99,97.5,1.4,0.991
P007,R1,B-0310,B-0310-B01,0.20089,=,6.7,1.0,97.0,-3.1,0.996
P007,R1,A-0118,A-0118-B01,50.0,>,4.3,,,,
P007,R1,B-0148,B-0148-B01,0.24594,=,6.61,1.05,100.7,3.8,0.996
P007,R1,B-0293,B-0293-B01,0.41722,=,6.38,2.21,61.5,3.9,0.545
P007,R1,B-0184,B-0184-B01,0.32453,=,6.49,1.13,99.3,2.4,0.996
P007,R1,A-0119,A-0119-B01,5.9314,=,5.23,1.07,101.0,3.9,0.994
P007,R1,A-0167,A-0167-B01,1.41032,=,5.85,1.91,57.7,4.1,0.808
P007,R1,A-0058,A-0058-B01,10.52797,=,4.98,0.5,143.9,-3.3,0.839
P007,R1,B-0204,B-0204-B01,0.26696,=,6.57,1.86,71.1,5.0,0.659
P007,R1,A-0104,A-0104-B01,3.3747,=,5.47,1.07,98.1,0.7,0.996
P007,R1,A-0239,A-0239-B01,50.0,>,4.3,,,,
P007,R1,B-0208,B-0208-B01,0.07183,=,7.14,1.03,101.2,2.2,0.994
P007,R1,B-0074,B-0074-B01,0.26977,=,6.57,0.92,101.3,-0.1,0.994
P007,R1,B-0305,B-0305-B01,0.09883,=,7.01,0.98,102.7,1.1,0.997
P007,R1,A-0249,A-0249-B01,50.0,>,4.3,,,,
P007,R1,A-0258,A-0258-B01,50.0,>,4.3,,,,
P008,R1,REF-1,REF-1-B01,0.10553,=,6.98,1.03,98.2,1.4,0.993
P008,R1,B-0186,B-0186-B01,0.66034,=,6.18,1.74,69.0,3.3,0.825
P008,R1,A-0148,A-0148-B01,0.32762,=,6.48,2.46,51.4,4.2,0.459
P008,R1,A-0372,A-0372-B01,6.65844,=,5.18,0.9,108.1,4.3,0.997
P008,R1,A-0228,A-0228-B01,0.20848,=,6.68,5.0,39.0,5.8,0.254
P008,R1,A-0087,A-0087-B01,1.07236,=,5.97,0.9,102.6,1.0,0.998
P008,R1,A-0240,A-0240-B01,50.0,>,4.3,,,,
P008,R1,A-0151,A-0151-B01,0.37894,=,6.42,2.2,54.3,6.7,0.465
P008,R1,B-0201,B-0201-B01,0.71577,=,6.15,0.93,104.9,4.3,0.994
P008,R1,A-0020,A-0020-B01,50.0,>,4.3,,,,
P008,R1,A-0209,A-0209-B01,50.0,>,4.3,,,,
P008,R1,A-0306,A-0306-B01,50.0,>,4.3,,,,
P008,R1,A-0379,A-0379-B01,0.69569,=,6.16,1.21,80.6,3.2,0.75
P008,R1,A-0248,A-0248-B01,2.05793,=,5.69,1.12,99.6,4.4,0.995
P009,R2,REF-1,REF-1-B01,0.10116,=,6.99,1.04,100.4,4.5,0.99
P009,R2,B-0007,B-0007-B01,1.43021,=,5.84,0.98,94.8,-2.2,0.993
P009,R2,B-0159,B-0159-B01,1.15764,=,5.94,0.77,107.5,-0.3,0.986
P009,R2,B-0300,B-0300-B01,0.013,=,7.89,1.38,102.7,11.8,0.983
P009,R2,B-0319,B-0319-B01,0.80494,=,6.09,1.07,101.4,2.2,0.992
P009,R2,A-0315,A-0315-B01,0.63881,=,6.19,5.0,50.3,7.6,0.282
P009,R2,B-0049,B-0049-B01,0.24699,=,6.61,1.01,103.8,6.6,0.989
P009,R2,B-0177,B-0177-B01,14.05195,=,4.85,0.94,98.5,4.7,0.979
P009,R2,B-0248,B-0248-B01,0.05314,=,7.27,1.29,92.0,8.0,0.731
P009,R2,B-0055,B-0055-B01,0.40409,=,6.39,1.01,102.3,0.5,0.995
P009,R2,B-0222,B-0222-B01,0.25018,=,6.6,0.84,105.1,2.0,0.991
P009,R2,A-0173,A-0173-B01,0.68454,=,6.16,3.52,56.3,5.8,0.492
P009,R2,A-0401,A-0401-B01,7.98052,=,5.1,0.98,104.9,5.0,0.99
P009,R2,B-0160,B-0160-B01,0.19731,=,6.7,2.71,55.9,4.6,0.305
P009,R2,B-0208,B-0208-B01,0.06954,=,7.16,1.11,102.0,5.9,0.991
P009,R2,A-0142,A-0142-B01,2.22259,=,5.65,1.18,98.0,4.0,0.996
P009,R2,B-0127,B-0127-B01,0.621,=,6.21,1.03,95.0,-0.9,0.998
P010,R2,REF-1,REF-1-B01,0.10805,=,6.97,0.93,101.2,3.1,0.985
P010,R2,A-0193,A-0193-B01,0.46081,=,6.34,0.95,98.8,1.0,0.992
P010,R2,B-0263,B-0263-B01,0.1583,=,6.8,0.97,101.6,3.5,0.995
P010,R2,A-0151,A-0151-B01,0.27281,=,6.56,3.21,46.4,9.2,0.228
P010,R2,B-0038,B-0038-B01,0.17107,=,6.77,1.02,103.2,4.8,0.996
P010,R2,B-0322,B-0322-B01,0.03845,=,7.42,1.14,103.7,9.4,0.99
P010,R2,A-0395,A-0395-B01,0.19571,=,6.71,5.0,42.9,8.6,0.189
P010,R2,A-0103,A-0103-B01,4.14339,=,5.38,1.12,98.2,7.5,0.986
P010,R2,B-0274,B-0274-B01,0.66934,=,6.17,1.01,103.9,5.9,0.994
P010,R2,B-0214,B-0214-B01,0.52744,=,6.28,1.11,102.8,7.9,0.993
P010,R2,B-0005,B-0005-B01,0.07889,=,7.1,1.09,100.2,6.9,0.994
P010,R2,A-0374,A-0374-B01,0.09474,=,7.02,1.83,70.6,9.9,0.403
P010,R2,B-0332,B-0332-B01,0.17831,=,6.75,0.56,107.7,-0.6,0.809
P010,R2,B-0209,B-0209-B01,0.20631,=,6.69,0.97,103.5,3.9,0.993
P010,R2,B-0037,B-0037-B01,0.56817,=,6.25,0.98,106.1,4.5,0.992
P010,R2,B-0143,B-0143-B01,0.57334,=,6.24,1.04,103.3,3.8,0.993
P010,R2,B-0316,B-0316-B01,0.02975,=,7.53,0.98,96.8,-5.0,0.992
P011,R2,REF-1,REF-1-B01,0.07229,=,7.14,0.96,103.5,-6.9,0.926
P011,R2,B-0321,B-0321-B01,20.39124,=,4.69,0.65,145.6,3.7,0.836
P011,R2,B-0172,B-0172-B01,0.82648,=,6.08,1.75,94.6,7.4,0.952
P011,R2,B-0245,B-0245-B01,0.93681,=,6.03,1.84,96.7,16.4,0.904
P011,R2,A-0018,A-0018-B01,4.75627,=,5.32,0.87,100.5,2.5,0.88
P011,R2,B-0257,B-0257-B01,0.38709,=,6.41,1.03,103.8,1.8,0.961
P011,R2,B-0002,B-0002-B01,0.17309,=,6.76,1.28,99.9,6.9,0.936
P011,R2,B-0154,B-0154-B01,0.1167,=,6.93,1.78,100.4,14.2,0.904
P011,R2,B-0202,B-0202-B01,0.23484,=,6.63,1.31,105.7,14.9,0.944
P011,R2,B-0106,B-0106-B01,2.8655,=,5.54,2.02,102.8,20.8,0.91
P011,R2,A-0096,A-0096-B01,21.95979,=,4.66,0.45,150.0,3.2,0.804
P011,R2,B-0080,B-0080-B01,0.29774,=,6.53,0.88,107.7,4.7,0.909
P011,R2,B-0238,B-0238-B01,0.58823,=,6.23,1.34,107.7,15.0,0.927
P011,R2,B-0271,B-0271-B01,0.04322,=,7.36,0.66,102.5,-7.3,0.684
P011,R2,A-0219,A-0219-B01,50.0,>,4.3,,,,
P011,R2,A-0120,A-0120-B01,5.83601,=,5.23,0.69,149.8,8.9,0.903
P011,R2,B-0152,B-0152-B01,3.60807,=,5.44,2.5,97.3,11.0,0.926
P012,R2,REF-1,REF-1-B01,0.09506,=,7.02,1.04,96.8,2.7,0.991
P012,R2,A-0337,A-0337-B01,50.0,>,4.3,,,,
P012,R2,B-0095,B-0095-B01,0.13109,=,6.88,0.96,97.7,3.4,0.993
P012,R2,B-0148,B-0148-B01,0.15756,=,6.8,0.91,102.0,-0.7,0.993
P012,R2,A-0130,A-0130-B01,50.0,>,4.3,,,,
P012,R2,A-0228,A-0228-B01,50.0,>,4.3,,,,
P012,R2,B-0091,B-0091-B01,1.38958,=,5.86,1.54,95.1,5.8,0.959
P012,R2,B-0187,B-0187-B01,0.04373,=,7.36,0.98,101.0,4.1,0.994
P012,R2,A-0011,A-0011-B01,50.0,>,4.3,,,,
P012,R2,B-0104,B-0104-B01,0.12733,=,6.9,1.12,99.9,9.4,0.994
P012,R2,B-0204,B-0204-B01,0.22663,=,6.64,1.93,72.8,6.6,0.62
P012,R2,A-0285,A-0285-B01,0.1847,=,6.73,2.72,38.5,5.6,0.193
P012,R2,A-0123,A-0123-B01,50.0,>,4.3,,,,
P012,R2,A-0352,A-0352-B01,50.0,>,4.3,,,,
P012,R2,B-0059,B-0059-B01,0.03176,=,7.5,0.98,101.6,2.1,0.992
P012,R2,B-0039,B-0039-B01,0.25679,=,6.59,1.07,99.5,5.7,0.992
P012,R2,B-0085,B-0085-B01,0.04341,=,7.36,1.09,94.2,1.2,0.993
P013,R2,REF-1,REF-1-B01,0.09486,=,7.02,1.09,98.1,2.6,0.991
P013,R2,B-0018,B-0018-B01,4.78379,=,5.32,1.14,87.4,0.6,0.989
P013,R2,B-0015,B-0015-B01,0.07696,=,7.11,1.38,90.6,10.5,0.702
P013,R2,B-0027,B-0027-B01,0.06197,=,7.21,1.23,99.8,7.6,0.993
P013,R2,B-0233,B-0233-B01,0.82513,=,6.08,1.14,98.8,5.0,0.992
P013,R2,B-0142,B-0142-B01,0.34909,=,6.46,1.09,101.4,4.7,0.995
P013,R2,B-0264,B-0264-B01,0.12116,=,6.92,1.13,103.6,6.9,0.995
P013,R2,B-0305,B-0305-B01,0.04943,=,7.31,1.1,101.6,5.8,0.992
P013,R2,B-0262,B-0262-B01,0.09125,=,7.04,1.01,103.7,6.5,0.993
P013,R2,A-0095,A-0095-B01,1.30022,=,5.89,1.63,79.1,6.3,0.94
P013,R2,B-0141,B-0141-B01,0.04366,=,7.36,1.18,102.2,8.2,0.99
P013,R2,A-0057,A-0057-B01,50.0,>,4.3,,,,
P013,R2,B-0192,B-0192-B01,0.02562,=,7.59,1.61,102.3,8.6,0.997
P013,R2,A-0266,A-0266-B01,2.37887,=,5.62,0.9,102.8,3.9,0.991
P013,R2,B-0269,B-0269-B01,0.21258,=,6.67,5.0,53.5,9.1,0.296
P013,R2,B-0081,B-0081-B01,3.19238,=,5.5,1.25,92.6,4.4,0.989
P013,R2,A-0194,A-0194-B01,50.0,>,4.3,,,,
P014,R2,REF-1,REF-1-B01,0.08441,=,7.07,0.94,98.7,1.1,0.986
P014,R2,B-0293,B-0293-B01,0.2627,=,6.58,2.3,49.4,1.2,0.338
P014,R2,B-0325,B-0325-B01,0.15319,=,6.81,1.03,103.2,5.4,0.995
P014,R2,B-0046,B-0046-B01,2.63733,=,5.58,0.96,96.5,3.7,0.993
P014,R2,A-0232,A-0232-B01,2.7467,=,5.56,0.89,104.8,2.4,0.996
P014,R2,B-0240,B-0240-B01,0.05584,=,7.25,1.12,99.5,7.6,0.992
P014,R2,B-0146,B-0146-B01,0.19093,=,6.72,0.84,104.9,11.1,0.849
P014,R2,A-0289,A-0289-B01,50.0,>,4.3,,,,
P014,R2,B-0297,B-0297-B01,0.6024,=,6.22,0.89,102.6,1.7,0.995
P014,R2,A-0042,A-0042-B01,50.0,>,4.3,,,,
P014,R2,B-0253,B-0253-B01,0.08865,=,7.05,0.84,103.2,-3.3,0.994
P014,R2,B-0294,B-0294-B01,0.1074,=,6.97,1.17,100.7,6.8,0.994
P014,R2,A-0361,A-0361-B01,50.0,>,4.3,,,,
P014,R2,B-0213,B-0213-B01,1.12908,=,5.95,0.83,108.2,3.3,0.99
P014,R2,A-0148,A-0148-B01,50.0,>,4.3,,,,
P014,R2,B-0231,B-0231-B01,0.70329,=,6.15,1.02,99.5,4.2,0.991
P014,R2,B-0073,B-0073-B01,0.116,=,6.94,0.98,94.2,-7.9,0.994
P015,R2,REF-1,REF-1-B01,0.08194,=,7.09,1.1,95.4,1.3,0.987
P015,R2,B-0158,B-0158-B01,0.21129,=,6.68,1.04,95.3,-0.3,0.992
P015,R2,A-0116,A-0116-B01,0.63459,=,6.2,5.0,42.0,8.3,0.234
P015,R2,A-0272,A-0272-B01,3.68794,=,5.43,1.1,97.9,5.5,0.992
P015,R2,B-0312,B-0312-B01,0.16995,=,6.77,0.93,105.2,4.2,0.995
P015,R2,B-0225,B-0225-B01,0.13432,=,6.87,1.1,102.4,6.4,0.997
P015,R2,B-0256,B-0256-B01,0.07607,=,7.12,1.08,98.7,8.2,0.99
P015,R2,A-0351,A-0351-B01,3.69629,=,5.43,0.87,104.5,3.0,0.99
P015,R2,B-0184,B-0184-B01,0.24614,=,6.61,1.06,102.2,5.7,0.996
P015,R2,B-0308,B-0308-B01,3.87407,=,5.41,0.98,102.3,3.3,0.992
P015,R2,B-0156,B-0156-B01,0.04783,=,7.32,0.98,102.0,2.1,0.99
P015,R2,A-0110,A-0110-B01,50.0,>,4.3,,,,
P015,R2,B-0303,B-0303-B01,0.58156,=,6.24,1.17,100.5,6.5,0.995
P015,R2,B-0153,B-0153-B01,0.06581,=,7.18,1.0,103.0,-0.3,0.996
P015,R2,A-0216,A-0216-B01,50.0,>,4.3,,,,
P015,R2,B-0288,B-0288-B01,0.15803,=,6.8,0.85,105.5,2.7,0.986
P015,R2,A-0072,A-0072-B01,3.10275,=,5.51,1.09,99.6,1.7,0.996
P016,R2,REF-1,REF-1-B01,0.08872,=,7.05,1.14,97.1,1.4,0.991
P016,R2,A-0277,A-0277-B01,50.0,>,4.3,,,,
P016,R2,B-0110,B-0110-B01,0.43346,=,6.36,0.9,102.6,3.6,0.987
P016,R2,B-0278,B-0278-B01,0.09637,=,7.02,1.01,101.8,6.4,0.996
P016,R2,B-0330,B-0330-B01,0.10415,=,6.98,0.93,103.1,2.5,0.993
P016,R2,B-0252,B-0252-B01,4.22446,=,5.37,0.86,109.4,4.5,0.994
P016,R2,B-0310,B-0310-B01,0.18994,=,6.72,1.06,103.5,9.6,0.994
P016,R2,B-0077,B-0077-B01,0.08015,=,7.1,1.18,100.9,7.5,0.995
P016,R2,B-0331,B-0331-B01,0.522,=,6.28,1.6,100.6,10.1,0.954
P016,R2,A-0350,A-0350-B01,0.89598,=,6.05,1.3,81.9,7.0,0.94
P016,R2,B-0230,B-0230-B01,0.18668,=,6.73,0.98,103.3,4.6,0.994
P016,R2,B-0083,B-0083-B01,0.04343,=,7.36,0.75,105.0,-4.2,0.995
P016,R2,B-0074,B-0074-B01,0.22847,=,6.64,1.08,98.9,6.4,0.992
P016,R2,A-0247,A-0247-B01,50.0,>,4.3,,,,
P016,R2,B-0047,B-0047-B01,0.78698,=,6.1,1.0,102.7,3.0,0.993
P017,R3,REF-1,REF-1-B01,0.06064,=,7.22,1.2,98.1,7.8,0.946
P017,R3,B-0140,B-0140-B01,0.04104,=,7.39,1.47,84.5,-0.7,0.956
P017,R3,B-0056,B-0056-B01,0.05478,=,7.26,0.94,101.0,3.7,0.972
P017,R3,B-0092,B-0092-B01,0.14453,=,6.84,0.89,109.3,6.0,0.935
P017,R3,A-0230,A-0230-B01,2.254,=,5.65,1.08,100.1,8.9,0.945
P017,R3,A-0029,A-0029-B01,0.89153,=,6.05,1.16,102.2,6.0,0.969
P017,R3,C-0110,C-0110-B01,0.63911,=,6.19,1.29,97.6,10.7,0.941
P017,R3,B-0273,B-0273-B01,1.72211,=,5.76,1.1,101.7,8.9,0.972
P017,R3,B-0183,B-0183-B01,0.13225,=,6.88,1.27,104.2,9.7,0.953
P017,R3,A-0045,A-0045-B01,1.28581,=,5.89,3.93,69.0,13.0,0.694
P017,R3,B-0192,B-0192-B01,0.00912,=,8.04,0.78,105.6,-13.8,0.955
P017,R3,B-0235,B-0235-B01,0.02727,=,7.56,1.23,105.1,13.6,0.968
P017,R3,C-0080,C-0080-B01,0.94551,=,6.02,1.09,108.2,8.6,0.941
P017,R3,B-0116,B-0116-B01,1.54869,=,5.81,1.19,95.4,11.1,0.944
P017,R3,B-0026,B-0026-B01,0.50863,=,6.29,0.88,108.9,8.5,0.947
P017,R3,A-0251,A-0251-B01,10.18614,=,4.99,0.55,150.0,3.7,0.932
P017,R3,B-0284,B-0284-B01,0.12641,=,6.9,1.12,90.9,-2.5,0.972
P018,R3,REF-1,REF-1-B01,0.08118,=,7.09,0.58,102.8,-7.5,0.792
P018,R3,B-0036,B-0036-B01,0.00878,=,8.06,0.73,95.4,-44.1,0.931
P018,R3,C-0052,C-0052-B01,1.9414,=,5.71,1.08,104.5,13.1,0.958
P018,R3,B-0141,B-0141-B01,0.02242,=,7.65,0.79,105.8,-1.2,0.955
P018,R3,C-0004,C-0004-B01,21.32848,=,4.67,0.73,150.0,13.6,0.89
P018,R3,A-0061,A-0061-B01,2.55188,=,5.59,1.37,87.3,9.9,0.897
P018,R3,B-0276,B-0276-B01,0.00759,=,8.12,0.79,106.6,-17.8,0.956
P018,R3,A-0087,A-0087-B02,0.51962,=,6.28,0.68,113.9,7.5,0.947
P018,R3,A-0286,A-0286-B01,1.29604,=,5.89,1.45,103.9,14.8,0.961
P018,R3,C-0111,C-0111-B01,2.78784,=,5.55,0.78,112.5,9.5,0.938
P018,R3,A-0325,A-0325-B01,2.73266,=,5.56,1.88,99.4,11.2,0.908
P018,R3,B-0266,B-0266-B01,0.04725,=,7.33,1.31,104.4,14.3,0.977
P018,R3,C-0141,C-0141-B01,0.19721,=,6.71,2.42,64.7,10.9,0.404
P018,R3,B-0067,B-0067-B01,5.95711,=,5.22,0.51,150.0,2.1,0.93
P018,R3,B-0268,B-0268-B01,0.13804,=,6.86,0.96,111.6,14.2,0.929
P018,R3,B-0195,B-0195-B01,0.03259,=,7.49,0.99,104.6,7.5,0.963
P018,R3,B-0199,B-0199-B01,1.06628,=,5.97,2.82,71.3,-0.4,0.924
P019,R3,REF-1,REF-1-B01,0.05561,=,7.25,1.23,89.3,5.3,0.896
P019,R3,B-0305,B-0305-B01,0.03724,=,7.43,1.1,90.7,1.8,0.952
P019,R3,A-0047,A-0047-B02,0.37058,=,6.43,0.91,100.0,16.1,0.938
P019,R3,B-0089,B-0089-B01,0.06489,=,7.19,0.98,103.1,9.7,0.949
P019,R3,B-0139,B-0139-B01,0.02665,=,7.57,1.46,101.6,20.3,0.941
P019,R3,A-0355,A-0355-B01,1.00606,=,6.0,1.24,93.7,12.0,0.927
P019,R3,B-0060,B-0060-B01,0.28281,=,6.55,1.12,105.9,12.9,0.954
P019,R3,B-0053,B-0053-B01,1.46402,=,5.83,2.92,86.5,19.2,0.909
P019,R3,B-0063,B-0063-B01,0.18561,=,6.73,1.28,101.9,13.0,0.963
P019,R3,B-0034,B-0034-B01,0.02286,=,7.64,0.84,97.7,-1.5,0.962
P019,R3,B-0156,B-0156-B01,0.0155,=,7.81,0.9,86.7,6.0,0.629
P019,R3,B-0300,B-0300-B01,0.01106,=,7.96,1.72,100.7,14.1,0.931
P019,R3,B-0114,B-0114-B01,0.67874,=,6.17,0.98,100.7,12.7,0.958
P019,R3,B-0229,B-0229-B01,4.42647,=,5.35,0.99,109.6,12.1,0.926
P019,R3,B-0134,B-0134-B01,0.32758,=,6.48,1.02,98.0,10.4,0.956
P019,R3,B-0196,B-0196-B01,0.04803,=,7.32,0.95,101.6,13.4,0.969
P019,R3,A-0052,A-0052-B01,2.70729,=,5.57,0.79,99.1,-6.4,0.902
P020,R3,REF-1,REF-1-B01,0.06814,=,7.17,1.67,88.5,5.9,0.91
P020,R3,B-0248,B-0248-B01,0.06044,=,7.22,1.53,83.5,1.6,0.937
P020,R3,B-0318,B-0318-B01,0.00929,=,8.03,2.56,102.4,22.9,0.926
P020,R3,B-0021,B-0021-B01,0.2814,=,6.55,1.05,96.4,10.7,0.973
P020,R3,A-0073,A-0073-B01,5.40202,=,5.27,1.1,101.3,10.8,0.863
P020,R3,A-0150,A-0150-B01,0.88018,=,6.06,1.02,103.9,14.0,0.948
P020,R3,B-0066,B-0066-B01,2.16877,=,5.66,0.74,128.8,6.6,0.957
P020,R3,B-0314,B-0314-B01,0.17914,=,6.75,0.81,104.7,13.1,0.971
P020,R3,B-0259,B-0259-B01,0.02112,=,7.68,1.23,100.2,18.1,0.926
P020,R3,B-0212,B-0212-B01,0.49529,=,6.31,0.84,107.8,7.0,0.954
P020,R3,B-0271,B-0271-B01,0.16474,=,6.78,0.72,110.6,16.8,0.878
P020,R3,B-0324,B-0324-B01,0.91598,=,6.04,1.57,74.7,15.0,0.626
P020,R3,C-0046,C-0046-B01,3.10309,=,5.51,3.36,86.4,15.4,0.948
P020,R3,B-0189,B-0189-B01,0.06881,=,7.16,1.11,99.8,11.5,0.967
P020,R3,B-0306,B-0306-B01,1.53113,=,5.81,1.63,94.0,7.1,0.947
P020,R3,B-0086,B-0086-B01,0.06951,=,7.16,1.6,103.7,12.8,0.969
P020,R3,B-0194,B-0194-B01,0.05289,=,7.28,1.85,82.4,2.9,0.949
P021,R3,REF-1,REF-1-B01,0.05701,=,7.24,1.46,86.5,9.7,0.911
P021,R3,B-0332,B-0332-B01,0.05901,=,7.23,1.49,87.6,8.0,0.927
P021,R3,B-0227,B-0227-B01,0.07451,=,7.13,1.69,100.7,19.2,0.938
P021,R3,A-0154,A-0154-B01,1.25801,=,5.9,0.81,105.8,10.8,0.94
P021,R3,B-0251,B-0251-B01,30.0,>,4.52,,,,
P021,R3,B-0211,B-0211-B01,15.44619,=,4.81,0.66,150.0,15.8,0.937
P021,R3,A-0264,A-0264-B01,0.82367,=,6.08,0.9,109.9,14.9,0.95
P021,R3,C-0116,C-0116-B01,7.86751,=,5.1,0.79,108.0,13.4,0.906
P021,R3,B-0020,B-0020-B01,4.95991,=,5.3,0.64,135.9,10.2,0.958
P021,R3,B-0197,B-0197-B01,30.0,>,4.52,,,,
P021,R3,C-0057,C-0057-B01,0.31134,=,6.51,1.44,96.5,15.7,0.933
P021,R3,B-0316,B-0316-B01,0.01288,=,7.89,0.68,104.0,-10.6,0.946
P021,R3,B-0188,B-0188-B01,0.04113,=,7.39,1.51,89.5,16.3,0.628
P021,R3,A-0171,A-0171-B01,0.55917,=,6.25,1.14,99.2,13.0,0.931
P021,R3,B-0133,B-0133-B01,30.0,>,4.52,,,,
P021,R3,A-0242,A-0242-B01,0.68871,=,6.16,0.84,92.5,4.5,0.947
P021,R3,B-0031,B-0031-B01,0.01848,=,7.73,1.43,84.3,1.3,0.976
P022,R3,REF-1,REF-1-B01,0.05323,=,7.27,1.27,90.3,8.9,0.92
P022,R3,B-0032,B-0032-B01,0.05735,=,7.24,0.99,89.3,-1.1,0.954
P022,R3,B-0083,B-0083-B01,0.04962,=,7.3,2.04,105.5,22.2,0.946
P022,R3,A-0246,A-0246-B01,2.58233,=,5.59,0.49,125.7,5.5,0.94
P022,R3,B-0173,B-0173-B01,3.1481,=,5.5,5.0,90.7,15.5,0.959
P022,R3,B-0048,B-0048-B01,0.31887,=,6.5,0.8,103.8,7.9,0.97
P022,R3,B-0206,B-0206-B01,0.01784,=,7.75,1.7,99.7,28.1,0.942
P022,R3,B-0131,B-0131-B01,0.15873,=,6.8,1.57,102.2,18.4,0.972
P022,R3,B-0237,B-0237-B01,0.06267,=,7.2,1.15,107.4,22.6,0.968
P022,R3,B-0028,B-0028-B01,0.11389,=,6.94,1.76,57.9,14.4,0.239
P022,R3,B-0163,B-0163-B01,6.01795,=,5.22,0.52,137.0,0.7,0.953
P022,R3,B-0261,B-0261-B01,0.01836,=,7.74,1.31,104.8,8.7,0.97
P022,R3,B-0085,B-0085-B01,0.04394,=,7.36,1.69,98.1,27.8,0.938
P022,R3,A-0156,A-0156-B01,1.05946,=,5.97,5.0,70.2,16.6,0.685
P022,R3,B-0042,B-0042-B01,0.03764,=,7.42,0.96,100.9,2.8,0.974
P022,R3,B-0155,B-0155-B01,0.04612,=,7.34,1.15,106.9,13.2,0.979
P022,R3,B-0187,B-0187-B01,0.00804,=,8.09,0.55,92.1,-35.3,0.909
P023,R3,REF-1,REF-1-B01,0.05489,=,7.26,1.93,83.3,6.3,0.667
P023,R3,C-0024,C-0024-B01,0.25107,=,6.6,2.13,50.7,-2.6,0.503
P023,R3,B-0240,B-0240-B01,0.03571,=,7.45,1.21,102.3,10.0,0.965
P023,R3,A-0287,A-0287-B01,6.79922,=,5.17,1.2,83.8,11.8,0.852
P023,R3,B-0254,B-0254-B01,0.25494,=,6.59,0.86,106.4,12.3,0.96
P023,R3,B-0283,B-0283-B01,0.46322,=,6.33,1.14,96.2,8.1,0.955
P023,R3,B-0178,B-0178-B01,0.00853,=,8.07,0.53,111.3,-26.2,0.924
P023,R3,A-0048,A-0048-B01,12.46021,=,4.9,0.7,150.0,12.6,0.951
P023,R3,B-0179,B-0179-B01,3.63901,=,5.44,1.28,92.5,7.9,0.946
P023,R3,A-0067,A-0067-B01,0.70883,=,6.15,1.41,98.5,11.4,0.954
P023,R3,B-0217,B-0217-B01,0.49108,=,6.31,1.1,98.0,10.4,0.963
P023,R3,B-0162,B-0162-B01,0.39883,=,6.4,5.0,60.2,10.9,0.477
P023,R3,B-0093,B-0093-B01,0.07296,=,7.14,0.87,104.0,14.4,0.946
P023,R3,B-0322,B-0322-B01,0.02743,=,7.56,0.96,101.6,8.2,0.967
P023,R3,A-0309,A-0309-B01,8.80596,=,5.06,0.53,135.8,7.6,0.882
P023,R3,B-0062,B-0062-B01,4.32004,=,5.36,2.04,70.6,13.2,0.871
P023,R3,A-0002,A-0002-B01,1.47207,=,5.83,0.99,94.1,0.1,0.963
P024,R3,REF-1,REF-1-B01,0.07977,=,7.1,0.96,96.1,15.6,0.932
P024,R3,B-0057,B-0057-B01,0.07053,=,7.15,0.97,93.8,4.0,0.933
P024,R3,A-0139,A-0139-B01,3.28673,=,5.48,0.97,119.7,10.8,0.969
P024,R3,B-0059,B-0059-B01,0.02365,=,7.63,1.12,103.1,7.1,0.959
P024,R3,B-0017,B-0017-B01,0.31757,=,6.5,0.87,104.3,16.0,0.848
P024,R3,A-0091,A-0091-B01,2.11018,=,5.68,1.28,103.3,9.4,0.981
P024,R3,B-0097,B-0097-B01,0.44866,=,6.35,1.34,90.5,11.9,0.941
P024,R3,A-0086,A-0086-B01,2.60331,=,5.58,0.85,107.2,14.7,0.927
P024,R3,A-0102,A-0102-B01,0.7575,=,6.12,1.75,95.1,16.2,0.954
