compound_id,pred_pki,pred_sd,docking_score_kcal
B-0001,6.62,0.49,-5.24
A-0001,6.08,0.49,-4.36
B-0002,6.27,0.49,-3.3
B-0003,6.95,0.52,-4.65
B-0004,7.21,0.5,-4.81
C-0001,5.48,0.5,-2.94
B-0005,6.61,0.52,-3.05
C-0002,6.42,0.49,-3.11
B-0006,6.3,0.5,-4.29
A-0002,5.81,0.49,-3.32
C-0003,5.44,0.49,-4.59
C-0004,5.33,0.52,-3.16
B-0007,6.82,0.53,-4.61
A-0003,5.67,0.49,-1.96
B-0008,6.24,0.53,-4.3
A-0004,5.65,0.49,-5.79
B-0009,7.41,0.5,-4.03
A-0005,5.79,0.5,-4.57
A-0006,5.35,0.49,-3.88
B-0010,6.56,0.5,-4.5
B-0011,5.8,0.52,-2.76
C-0005,6.16,0.5,-3.43
A-0007,5.89,0.49,-3.77
A-0008,6.67,0.49,-5.01
C-0006,6.27,0.51,-3.37
B-0012,7.05,0.52,-5.33
A-0009,6.73,0.49,-6.53
A-0010,5.51,0.49,-5.09
B-0013,7.12,0.52,-5.07
A-0011,6.3,0.49,-5.36
B-0014,6.56,0.51,-5.65
B-0015,6.73,0.52,-4.87
B-0016,6.47,0.5,-4.72
B-0017,6.36,0.51,-3.65
C-0007,5.42,0.49,-2.02
A-0012,6.23,0.49,-3.91
A-0013,6.36,0.49,-3.19
A-0014,6.47,0.5,-7.75
A-0015,6.62,0.49,-6.21
A-0016,6.12,0.49,-6.83
C-0008,5.77,0.49,-2.01
A-0017,5.79,0.48,-5.28
B-0018,6.44,0.51,-1.91
B-0019,7.05,0.52,-5.08
B-0020,6.56,0.5,-4.26
A-0018,5.55,0.49,-3.04
B-0021,6.17,0.52,-2.71
A-0019,6.29,0.49,-4.76
C-0009,5.72,0.5,-4.29
B-0022,6.61,0.51,-5.71
B-0023,7.11,0.51,-3.48
B-0024,6.26,0.49,-3.72
B-0025,6.57,0.5,-5.72
C-0010,5.94,0.49,-4.16
C-0011,6.08,0.49,-3.65
A-0020,6.62,0.49,-6.32
B-0026,6.24,0.49,-3.5
B-0027,7.15,0.49,-5.3
A-0021,5.98,0.49,-7.02
B-0028,6.57,0.5,-5.82
A-0022,6.09,0.49,-5.71
C-0012,6.22,0.5,-5.57
B-0029,7.12,0.52,-5.38
B-0030,6.24,0.51,-4.2
B-0031,7.12,0.52,-6.64
A-0023,6.8,0.49,-8.43
B-0032,6.51,0.5,-5.66
A-0024,5.98,0.49,-3.99
B-0033,6.26,0.5,-5.32
A-0025,5.54,0.49,-5.12
A-0026,6.51,0.5,-5.57
A-0027,5.53,0.49,-2.58
B-0034,6.55,0.52,-4.43
A-0028,5.43,0.49,-6.25
B-0035,6.35,0.5,-3.03
A-0029,5.72,0.48,-3.76
A-0030,6.45,0.49,-5.39
A-0031,6.44,0.49,-5.72
A-0032,5.52,0.49,-2.87
A-0033,5.74,0.49,-4.44
A-0034,5.67,0.49,-3.55
A-0035,6.73,0.49,-7.29
B-0036,6.82,0.53,-4.23
B-0037,6.24,0.51,-4.86
A-0036,5.81,0.49,-4.06
B-0038,6.53,0.52,-5.21
A-0037,6.23,0.49,-6.09
C-0013,5.99,0.49,-2.76
C-0014,5.22,0.51,-3.18
B-0039,6.18,0.5,-4.27
A-0038,5.43,0.49,-4.66
C-0015,6.04,0.49,-2.89
B-0040,6.83,0.51,-3.75
C-0016,5.67,0.49,-3.38
B-0041,6.44,0.51,-5.06
B-0042,6.67,0.54,-3.7
C-0017,6.02,0.49,-3.15
A-0039,5.95,0.49,-4.12
A-0040,5.84,0.49,-4.04
A-0041,6.64,0.49,-5.64
C-0018,6.12,0.49,-5.99
A-0042,6.46,0.49,-5.34
A-0043,6.35,0.49,-9.6
A-0044,5.54,0.49,-3.47
A-0045,5.7,0.49,-2.58
A-0046,5.53,0.49,-2.73
B-0043,7.02,0.5,-4.65
B-0044,6.14,0.49,-2.41
A-0047,6.33,0.5,-6.57
B-0045,6.78,0.53,-2.36
A-0048,5.44,0.49,-2.11
A-0049,5.81,0.49,-3.98
B-0046,6.66,0.5,-4.72
B-0047,6.54,0.5,-2.23
B-0048,6.36,0.5,-4.5
B-0049,6.67,0.49,-5.06
A-0050,5.79,0.49,-5.14
B-0050,6.68,0.5,-6.6
A-0051,6.6,0.49,-7.94
A-0052,5.65,0.49,-3.67
A-0053,5.89,0.49,-3.31
B-0051,5.83,0.53,-3.51
A-0054,6.15,0.49,-6.25
A-0055,6.0,0.49,-5.79
A-0056,5.92,0.49,-4.64
C-0019,5.22,0.51,-4.5
C-0020,6.14,0.49,-6.42
C-0021,6.12,0.5,-4.65
C-0022,5.9,0.49,-2.82
B-0052,6.24,0.53,-5.3
A-0057,6.58,0.49,-4.96
B-0053,5.82,0.52,-5.83
A-0058,5.86,0.52,-3.49
B-0054,6.66,0.5,-6.09
A-0059,6.35,0.49,-7.5
A-0060,5.99,0.49,-5.36
A-0061,5.55,0.49,-3.35
B-0055,5.84,0.55,-3.45
A-0062,5.39,0.49,-5.55
B-0056,6.95,0.49,-5.9
B-0057,6.55,0.5,-4.02
A-0063,5.8,0.5,-3.76
B-0058,6.43,0.5,-2.89
A-0064,6.26,0.49,-8.9
B-0059,7.11,0.51,-3.78
A-0065,6.63,0.49,-10.33
A-0066,6.4,0.49,-6.17
C-0023,5.9,0.49,-5.39
B-0060,6.38,0.5,-4.46
C-0024,6.3,0.49,-4.01
A-0067,5.72,0.49,-5.68
A-0068,5.98,0.49,-4.27
C-0025,5.95,0.49,-4.49
B-0061,6.44,0.51,-5.14
B-0062,6.24,0.51,-2.56
A-0069,6.02,0.49,-4.8
B-0063,6.33,0.5,-4.1
A-0070,5.53,0.5,-3.49
C-0026,5.45,0.51,-2.9
B-0064,6.74,0.52,-4.78
A-0071,6.46,0.49,-5.59
A-0072,5.73,0.49,-3.43
A-0073,5.42,0.49,-2.89
B-0065,6.4,0.51,-3.39
A-0074,5.79,0.49,-2.05
B-0066,5.99,0.49,-3.73
B-0067,6.67,0.54,-2.97
A-0075,5.57,0.49,-3.79
A-0076,5.63,0.49,-2.65
B-0068,6.15,0.51,-5.05
C-0027,5.74,0.49,-4.47
C-0028,6.3,0.49,-3.31
A-0077,6.0,0.49,-6.73
A-0078,6.2,0.49,-5.91
A-0079,5.95,0.49,-5.59
A-0080,5.43,0.49,-3.45
C-0029,5.82,0.49,-4.15
A-0081,6.19,0.49,-5.85
C-0030,5.87,0.49,-3.32
C-0031,6.01,0.49,-2.98
A-0082,6.44,0.49,-4.52
B-0069,7.02,0.5,-4.44
B-0070,6.34,0.49,-5.3
C-0032,6.37,0.5,-3.72
A-0083,6.23,0.49,-7.17
A-0084,5.51,0.51,-3.97
B-0071,6.55,0.5,-3.85
A-0085,6.08,0.49,-6.04
B-0072,6.33,0.52,-2.97
C-0033,5.91,0.49,-2.84
A-0086,5.64,0.49,-4.19
A-0087,6.22,0.49,-3.67
A-0088,5.71,0.49,-3.31
C-0034,5.92,0.49,-3.25
B-0073,6.59,0.53,-4.93
B-0074,6.77,0.5,-5.78
A-0089,6.07,0.49,-6.21
C-0035,5.54,0.49,-3.49
A-0090,5.8,0.5,-6.54
C-0036,6.35,0.5,-4.9
A-0091,5.56,0.49,-5.36
B-0075,6.95,0.52,-4.67
B-0076,6.35,0.5,-5.28
B-0077,6.84,0.53,-5.52
B-0078,6.33,0.5,-4.57
A-0092,5.45,0.5,-5.33
B-0079,6.67,0.51,-6.33
A-0093,5.88,0.49,-2.98
A-0094,5.64,0.49,-4.56
B-0080,6.64,0.49,-6.27
A-0095,5.71,0.49,-6.84
A-0096,5.35,0.49,-5.65
C-0037,5.57,0.49,-3.0
A-0097,5.65,0.49,-3.14
B-0081,6.51,0.5,-5.45
B-0082,6.93,0.51,-2.58
B-0083,6.93,0.52,-5.12
B-0084,7.14,0.52,-5.98
B-0085,7.21,0.5,-3.91
B-0086,6.63,0.5,-4.17
B-0087,6.84,0.53,-5.44
A-0098,6.34,0.49,-5.81
B-0088,7.03,0.51,-5.43
A-0099,6.13,0.49,-7.02
B-0089,6.68,0.5,-6.15
B-0090,6.17,0.5,-3.93
A-0100,5.83,0.49,-5.22
A-0101,6.15,0.49,-3.59
A-0102,5.92,0.5,-2.72
A-0103,5.85,0.49,-4.46
B-0091,6.26,0.49,-4.48
A-0104,5.76,0.49,-5.17
C-0038,6.03,0.5,-3.81
C-0039,5.43,0.51,-3.26
A-0105,5.5,0.49,-5.11
B-0092,6.63,0.5,-5.16
A-0106,5.78,0.49,-5.19
C-0040,5.89,0.49,-2.09
C-0041,5.63,0.49,-3.16
B-0093,6.83,0.51,-4.59
A-0107,6.02,0.49,-4.73
B-0094,6.47,0.51,-4.23
B-0095,6.39,0.51,-4.27
B-0096,7.21,0.52,-6.37
A-0108,6.49,0.49,-6.46
B-0097,6.01,0.49,-3.5
B-0098,6.6,0.52,-3.84
C-0042,5.96,0.5,-3.93
C-0043,5.78,0.52,-3.34
A-0109,5.88,0.5,-5.6
B-0099,6.93,0.51,-3.67
A-0110,6.41,0.49,-5.99
B-0100,6.7,0.5,-7.99
B-0101,6.0,0.55,-2.9
A-0111,6.7,0.49,-8.08
B-0102,6.4,0.51,-4.34
A-0112,6.19,0.49,-7.23
A-0113,6.43,0.49,-7.25
A-0114,5.45,0.49,-5.11
A-0115,6.4,0.49,-3.79
B-0103,7.32,0.5,-5.63
A-0116,5.8,0.5,-4.66
A-0117,6.36,0.5,-7.2
B-0104,6.55,0.52,-4.31
A-0118,6.34,0.49,-8.85
A-0119,5.58,0.49,-5.09
B-0105,6.81,0.52,-4.67
A-0120,5.6,0.5,-5.07
B-0106,5.76,0.51,-3.09
A-0121,6.3,0.5,-5.19
B-0107,6.51,0.5,-4.98
B-0108,6.24,0.5,-5.91
A-0122,5.97,0.49,-4.57
A-0123,6.39,0.49,-5.59
B-0109,6.78,0.53,-5.17
B-0110,6.18,0.5,-3.11
A-0124,5.65,0.49,-3.48
A-0125,5.7,0.49,-6.25
B-0111,6.56,0.49,-3.46
B-0112,6.55,0.49,-3.05
A-0126,5.66,0.49,-2.02
A-0127,5.57,0.49,-4.05
B-0113,6.47,0.5,-3.7
B-0114,7.14,0.52,-2.37
B-0115,6.4,0.49,-5.21
A-0128,6.03,0.5,-6.51
A-0129,6.58,0.49,-7.27
C-0044,5.72,0.49,-4.39
A-0130,6.6,0.49,-6.86
A-0131,5.21,0.5,-3.39
C-0045,5.82,0.5,-2.78
A-0132,6.7,0.49,-4.52
A-0133,5.68,0.49,-2.53
A-0134,6.25,0.5,-5.32
C-0046,5.53,0.49,-3.22
B-0116,6.84,0.53,-3.34
A-0135,5.83,0.49,-2.32
A-0136,5.93,0.49,-4.23
B-0117,6.44,0.51,-2.53
B-0118,6.61,0.51,-3.46
A-0137,6.22,0.49,-6.44
A-0138,5.79,0.49,-3.68
A-0139,5.65,0.49,-3.73
A-0140,5.63,0.49,-3.26
A-0141,5.63,0.49,-2.71
A-0142,5.69,0.49,-5.58
A-0143,5.59,0.49,-2.86
A-0144,6.47,0.49,-4.7
B-0119,6.56,0.51,-3.37
A-0145,5.99,0.49,-6.69
C-0047,6.06,0.49,-1.29
B-0120,6.33,0.52,-5.52
A-0146,6.42,0.49,-4.54
A-0147,5.64,0.49,-3.1
B-0121,6.41,0.5,-5.18
B-0122,6.09,0.5,-4.74
A-0148,6.14,0.49,-5.05
A-0149,6.3,0.49,-5.83
B-0123,7.18,0.5,-4.02
B-0124,6.77,0.5,-6.34
A-0150,6.01,0.49,-4.38
B-0125,6.11,0.49,-2.9
A-0151,6.16,0.49,-5.93
C-0048,5.44,0.49,-3.71
A-0152,5.93,0.49,-5.06
A-0153,6.06,0.49,-5.75
B-0126,6.93,0.52,-5.01
A-0154,5.71,0.49,-4.56
B-0127,6.41,0.49,-5.11
A-0155,5.89,0.49,-6.4
A-0156,5.5,0.49,-2.83
A-0157,5.71,0.5,-4.54
A-0158,5.88,0.5,-7.13
B-0128,6.81,0.52,-3.5
B-0129,6.22,0.49,-3.25
C-0049,6.31,0.49,-2.7
B-0130,6.67,0.54,-4.27
A-0159,5.84,0.49,-3.24
A-0160,5.85,0.5,-2.88
A-0161,5.97,0.49,-5.51
A-0162,6.14,0.49,-3.91
A-0163,5.56,0.49,-4.98
B-0131,6.61,0.51,-2.63
B-0132,6.81,0.52,-4.07
C-0050,5.98,0.5,-4.73
B-0133,6.83,0.49,-6.0
A-0164,6.12,0.49,-4.72
A-0165,6.62,0.49,-4.89
B-0134,6.37,0.49,-4.63
C-0051,5.54,0.5,-3.21
C-0052,5.94,0.49,-3.25
C-0053,6.06,0.49,-2.9
A-0166,6.3,0.49,-4.57
A-0167,5.63,0.5,-4.78
A-0168,5.7,0.49,-3.58
A-0169,5.47,0.49,-3.91
A-0170,6.04,0.49,-4.55
A-0171,5.87,0.5,-1.86
C-0054,5.85,0.49,-3.2
A-0172,6.53,0.49,-5.99
B-0135,6.44,0.51,-4.02
B-0136,6.9,0.54,-4.03
A-0173,6.27,0.49,-3.79
B-0137,7.11,0.51,-4.53
B-0138,6.2,0.5,-3.88
A-0174,6.13,0.49,-5.32
A-0175,6.58,0.49,-7.62
A-0176,6.16,0.49,-6.52
A-0177,6.2,0.49,-5.61
B-0139,7.05,0.52,-6.57
A-0178,5.57,0.49,-4.7
A-0179,5.97,0.49,-3.68
A-0180,6.02,0.49,-7.51
A-0181,6.13,0.49,-4.82
B-0140,7.05,0.5,-4.65
B-0141,7.16,0.5,-3.48
C-0055,6.15,0.49,-3.09
A-0182,6.04,0.49,-5.59
A-0183,6.55,0.49,-5.88
B-0142,6.5,0.49,-4.78
A-0184,6.13,0.49,-4.79
A-0185,6.54,0.49,-6.33
B-0143,6.22,0.5,-3.68
C-0056,6.01,0.5,-3.77
B-0144,6.44,0.51,-5.01
B-0145,6.63,0.49,-5.73
C-0057,6.27,0.5,-4.06
B-0146,6.28,0.5,-4.49
A-0186,6.42,0.49,-5.92
B-0147,6.72,0.52,-3.06
A-0187,5.88,0.49,-5.66
B-0148,6.72,0.52,-3.78
A-0188,5.76,0.5,-5.39
B-0149,6.38,0.5,-2.96
A-0189,5.94,0.49,-3.97
B-0150,6.5,0.49,-7.02
A-0190,5.83,0.49,-5.2
B-0151,6.72,0.52,-2.44
B-0152,6.41,0.5,-3.89
A-0191,5.55,0.5,-5.19
C-0058,6.07,0.49,-3.85
C-0059,5.46,0.49,-1.79
A-0192,5.59,0.49,-4.94
A-0193,6.25,0.49,-4.83
C-0060,6.09,0.5,-2.65
C-0061,5.7,0.5,-4.52
B-0153,7.0,0.49,-5.65
B-0154,6.56,0.51,-4.35
B-0155,6.72,0.52,-2.43
B-0156,6.94,0.53,-5.31
A-0194,6.45,0.49,-8.3
B-0157,6.72,0.51,-4.14
C-0062,5.67,0.49,-2.88
C-0063,5.87,0.49,-2.79
A-0195,6.22,0.49,-5.15
B-0158,6.18,0.51,-4.25
A-0196,5.92,0.49,-4.76
C-0064,6.47,0.5,-4.64
B-0159,7.26,0.5,-6.27
A-0197,6.43,0.49,-5.65
B-0160,6.47,0.49,-4.13
A-0198,5.73,0.5,-5.05
B-0161,7.03,0.51,-4.84
B-0162,6.0,0.51,-5.0
A-0199,5.75,0.5,-4.33
A-0200,5.74,0.5,-5.89
B-0163,6.28,0.5,-3.48
B-0164,6.36,0.51,-3.89
C-0065,5.63,0.49,-4.07
B-0165,6.11,0.49,-2.49
B-0166,6.9,0.54,-2.95
B-0167,6.83,0.51,-5.12
C-0066,5.91,0.49,-2.45
B-0168,6.5,0.51,-5.64
B-0169,6.94,0.53,-5.21
B-0170,6.33,0.53,-5.33
A-0201,6.38,0.5,-6.06
B-0171,7.0,0.52,-3.43
A-0202,6.54,0.49,-5.16
A-0203,6.26,0.49,-6.1
B-0172,7.21,0.52,-3.68
A-0204,6.02,0.49,-5.43
B-0173,6.18,0.51,-2.12
B-0174,6.32,0.5,-4.83
C-0067,5.92,0.5,-2.72
A-0205,6.39,0.5,-6.46
C-0068,5.64,0.49,-5.49
C-0069,5.79,0.49,-3.88
C-0070,5.47,0.49,-2.38
C-0071,5.39,0.52,-2.57
A-0206,5.9,0.49,-6.56
B-0175,6.64,0.51,-4.17
A-0207,5.98,0.49,-4.6
A-0208,6.25,0.49,-5.95
C-0072,5.9,0.49,-5.4
C-0073,5.88,0.49,-3.49
B-0176,6.08,0.49,-4.49
A-0209,6.44,0.49,-7.06
B-0177,5.84,0.55,-3.0
A-0210,5.77,0.49,-4.48
A-0211,6.31,0.49,-6.21
C-0074,6.24,0.49,-3.61
A-0212,6.2,0.49,-8.1
A-0213,5.59,0.49,-3.06
A-0214,5.87,0.49,-6.29
C-0075,5.94,0.49,-2.56
C-0076,5.82,0.49,-3.64
A-0215,5.57,0.49,-3.82
B-0178,7.16,0.53,-4.03
B-0179,6.27,0.49,-3.25
B-0180,6.27,0.5,-3.45
A-0216,6.41,0.5,-4.88
C-0077,6.63,0.5,-4.61
B-0181,6.61,0.52,-2.45
B-0182,6.16,0.49,-4.52
C-0078,5.92,0.49,-5.1
B-0183,7.4,0.5,-4.15
B-0184,6.61,0.5,-4.13
A-0217,5.92,0.49,-5.6
A-0218,6.69,0.49,-6.53
B-0185,5.89,0.55,-3.76
A-0219,6.06,0.49,-4.0
A-0220,5.72,0.5,-3.86
A-0221,5.59,0.49,-3.0
A-0222,5.75,0.49,-2.91
A-0223,5.74,0.49,-3.95
A-0224,5.94,0.49,-7.49
B-0186,6.38,0.5,-4.91
A-0225,6.45,0.49,-5.62
A-0226,6.37,0.49,-6.33
C-0079,5.99,0.49,-4.15
A-0227,5.33,0.49,-3.04
B-0187,7.21,0.52,-5.44
B-0188,6.53,0.52,-3.46
A-0228,6.51,0.49,-5.16
B-0189,6.72,0.51,-3.44
B-0190,7.16,0.5,-5.81
A-0229,5.64,0.49,-4.08
A-0230,5.84,0.49,-3.01
B-0191,6.0,0.55,-2.83
C-0080,5.93,0.5,-3.71
A-0231,5.74,0.49,-4.45
A-0232,5.48,0.49,-4.41
C-0081,5.45,0.51,-2.6
A-0233,6.3,0.49,-5.14
C-0082,5.6,0.49,-3.65
A-0234,5.82,0.49,-2.98
B-0192,7.14,0.52,-5.67
B-0193,6.59,0.53,-4.59
A-0235,6.55,0.49,-5.94
A-0236,6.3,0.49,-5.46
B-0194,7.18,0.5,-4.56
A-0237,6.49,0.49,-6.23
C-0083,6.27,0.49,-5.29
A-0238,5.63,0.49,-6.0
B-0195,6.73,0.52,-4.68
A-0239,6.14,0.49,-6.85
B-0196,6.72,0.52,-4.06
A-0240,6.29,0.49,-6.27
A-0241,5.77,0.5,-3.38
A-0242,5.71,0.49,-3.96
B-0197,6.31,0.49,-3.78
C-0084,5.72,0.49,-3.52
A-0243,5.62,0.49,-4.42
A-0244,5.69,0.5,-4.49
C-0085,5.97,0.49,-2.48
B-0198,7.02,0.5,-3.52
B-0199,6.9,0.54,-3.37
A-0245,5.82,0.5,-3.19
B-0200,6.35,0.54,-3.6
B-0201,6.25,0.49,-3.98
C-0086,5.41,0.49,-4.91
B-0202,6.56,0.5,-6.07
A-0246,5.69,0.49,-3.48
B-0203,6.45,0.51,-4.83
A-0247,6.58,0.49,-7.06
C-0087,5.68,0.49,-3.38
A-0248,5.73,0.49,-3.93
B-0204,6.45,0.5,-4.71
B-0205,6.38,0.54,-2.43
A-0249,6.3,0.5,-6.5
A-0250,6.39,0.48,-4.74
B-0206,7.41,0.5,-6.3
A-0251,5.5,0.49,-3.52
A-0252,6.07,0.49,-5.86
A-0253,6.11,0.49,-5.77
B-0207,6.42,0.52,-3.22
B-0208,6.95,0.52,-3.72
A-0254,6.08,0.49,-5.15
C-0088,6.0,0.49,-4.08
A-0255,6.03,0.48,-7.59
A-0256,5.34,0.49,-3.91
B-0209,6.4,0.51,-3.71
B-0210,6.58,0.49,-5.14
B-0211,6.35,0.54,-4.12
B-0212,6.52,0.49,-3.35
C-0089,5.61,0.49,-4.68
C-0090,5.92,0.49,-3.29
A-0257,6.44,0.49,-7.79
A-0258,6.35,0.49,-6.19
A-0259,5.77,0.49,-3.24
A-0260,6.22,0.5,-7.02
C-0091,5.86,0.49,-2.78
C-0092,5.91,0.49,-3.11
A-0261,6.62,0.49,-8.39
A-0262,5.82,0.49,-4.57
A-0263,6.38,0.49,-5.2
B-0213,6.21,0.5,-3.84
B-0214,6.11,0.5,-6.09
B-0215,6.38,0.54,-5.49
C-0093,5.81,0.5,-4.7
A-0264,6.32,0.49,-5.39
A-0265,5.66,0.49,-3.84
C-0094,6.13,0.5,-5.54
A-0266,5.8,0.49,-4.03
A-0267,5.65,0.49,-4.17
B-0216,6.72,0.51,-5.71
B-0217,7.16,0.53,-2.46
A-0268,5.59,0.49,-5.7
B-0218,6.23,0.5,-3.99
A-0269,6.29,0.49,-6.32
B-0219,6.3,0.5,-3.14
A-0270,5.65,0.49,-3.83
B-0220,6.35,0.51,-4.36
A-0271,5.92,0.49,-3.27
A-0272,5.7,0.49,-3.25
B-0221,7.05,0.5,-4.15
A-0273,6.32,0.49,-5.74
B-0222,6.35,0.51,-4.7
C-0095,5.81,0.5,-3.87
B-0223,6.44,0.51,-4.56
A-0274,5.68,0.5,-3.98
C-0096,6.15,0.5,-3.24
A-0275,6.44,0.49,-8.54
C-0097,6.27,0.49,-6.44
B-0224,6.35,0.51,-3.0
B-0225,6.85,0.5,-5.09
A-0276,5.49,0.49,-5.15
B-0226,6.35,0.51,-4.69
C-0098,5.48,0.49,-1.97
A-0277,6.25,0.49,-5.16
A-0278,5.94,0.49,-2.9
B-0227,6.38,0.54,-4.05
B-0228,6.42,0.52,-5.11
A-0279,5.39,0.49,-3.52
B-0229,6.39,0.51,-3.68
B-0230,6.47,0.5,-4.53
A-0280,5.51,0.49,-5.3
C-0099,5.63,0.51,-3.07
B-0231,6.13,0.49,-3.5
B-0232,7.14,0.5,-3.56
A-0281,6.26,0.49,-3.98
A-0282,5.6,0.49,-3.34
C-0100,5.84,0.5,-3.88
B-0233,6.2,0.49,-4.78
B-0234,6.35,0.51,-3.6
B-0235,6.61,0.52,-3.9
A-0283,6.3,0.49,-6.93
C-0101,5.6,0.5,-4.24
B-0236,7.03,0.51,-4.85
A-0284,5.54,0.49,-2.51
B-0237,6.58,0.5,-4.67
A-0285,6.41,0.49,-4.1
A-0286,6.25,0.49,-4.9
B-0238,6.69,0.5,-5.03
A-0287,5.51,0.49,-2.26
A-0288,5.83,0.49,-6.62
A-0289,6.31,0.49,-4.28
A-0290,5.74,0.49,-1.75
A-0291,6.34,0.49,-4.43
A-0292,6.43,0.49,-8.8
A-0293,6.14,0.49,-4.25
A-0294,6.17,0.5,-6.46
A-0295,6.51,0.49,-5.85
B-0239,6.5,0.49,-4.97
C-0102,5.48,0.49,-3.62
A-0296,6.0,0.49,-3.08
B-0240,6.82,0.53,-6.43
A-0297,5.77,0.49,-3.51
B-0241,6.29,0.49,-3.35
B-0242,6.78,0.53,-3.02
A-0298,6.16,0.49,-4.14
A-0299,6.07,0.5,-5.56
B-0243,6.74,0.52,-4.72
C-0103,5.92,0.5,-3.95
C-0104,5.75,0.49,-3.9
B-0244,6.92,0.49,-5.58
B-0245,5.99,0.51,-4.63
A-0300,5.76,0.49,-3.18
B-0246,6.93,0.53,-5.0
B-0247,6.64,0.49,-5.21
A-0301,5.9,0.49,-4.57
A-0302,6.38,0.49,-8.33
C-0105,5.65,0.49,-0.7
A-0303,6.29,0.49,-2.88
B-0248,6.41,0.5,-4.81
A-0304,5.39,0.49,-3.91
A-0305,5.68,0.49,-6.12
A-0306,6.65,0.49,-5.7
C-0106,6.12,0.5,-3.12
A-0307,5.64,0.49,-3.97
A-0308,6.47,0.49,-7.22
B-0249,6.55,0.5,-1.47
A-0309,5.68,0.5,-2.4
A-0310,5.59,0.5,-5.57
B-0250,6.33,0.5,-3.42
A-0311,6.38,0.49,-9.02
A-0312,5.68,0.49,-4.75
B-0251,6.32,0.52,-4.48
B-0252,6.55,0.52,-3.49
B-0253,6.66,0.5,-4.48
A-0313,6.09,0.49,-7.02
A-0314,6.06,0.49,-6.07
A-0315,6.2,0.49,-5.05
C-0107,5.69,0.49,-5.0
A-0316,6.25,0.49,-7.19
A-0317,5.86,0.49,-3.32
A-0318,5.55,0.49,-5.48
B-0254,6.45,0.51,-3.36
A-0319,5.73,0.49,-3.79
B-0255,6.18,0.51,-3.93
B-0256,6.9,0.49,-5.09
B-0257,6.37,0.49,-4.93
A-0320,6.47,0.5,-5.23
B-0258,5.89,0.55,-2.63
C-0108,6.01,0.49,-4.14
A-0321,5.75,0.51,-6.41
A-0322,5.72,0.49,-3.86
A-0323,6.45,0.49,-4.73
B-0259,7.26,0.5,-7.1
B-0260,6.45,0.51,-3.97
B-0261,7.26,0.5,-6.37
B-0262,6.35,0.54,-5.18
B-0263,6.56,0.51,-3.28
B-0264,6.44,0.51,-5.14
B-0265,6.27,0.49,-3.22
C-0109,5.8,0.5,-3.94
C-0110,6.07,0.49,-4.67
B-0266,7.0,0.52,-3.44
B-0267,6.42,0.52,-2.08
B-0268,6.76,0.49,-4.81
B-0269,6.32,0.49,-6.19
B-0270,6.47,0.49,-5.45
A-0324,5.74,0.49,-4.97
C-0111,5.67,0.49,-1.99
B-0271,6.88,0.5,-4.64
A-0325,5.6,0.48,-3.76
B-0272,6.58,0.5,-4.0
B-0273,6.57,0.5,-4.39
B-0274,6.39,0.49,-4.6
B-0275,5.89,0.55,-2.83
A-0326,6.43,0.49,-7.03
C-0112,5.69,0.49,-2.55
C-0113,5.68,0.49,-1.39
B-0276,7.32,0.5,-6.1
B-0277,6.3,0.5,-3.19
B-0278,6.79,0.49,-4.98
A-0327,6.67,0.49,-5.73
B-0279,6.35,0.51,-5.45
A-0328,5.59,0.49,-5.45
B-0280,6.24,0.53,-5.22
A-0329,6.35,0.49,-8.8
A-0330,6.49,0.49,-6.17
A-0331,6.33,0.49,-5.0
A-0332,6.52,0.49,-8.05
B-0281,6.93,0.52,-4.68
A-0333,5.55,0.49,-2.8
B-0282,6.93,0.53,-3.39
C-0114,6.16,0.5,-3.93
A-0334,6.32,0.49,-5.11
A-0335,6.1,0.49,-4.71
B-0283,7.16,0.5,-5.65
B-0284,6.35,0.51,-4.27
A-0336,5.79,0.49,-3.77
A-0337,6.25,0.49,-5.09
C-0115,5.72,0.49,-3.96
B-0285,7.0,0.52,-3.76
C-0116,5.42,0.51,-4.17
B-0286,6.18,0.5,-2.03
B-0287,6.4,0.49,-3.61
A-0338,5.43,0.49,-3.4
C-0117,5.61,0.49,-2.32
B-0288,6.72,0.52,-3.85
A-0339,6.14,0.49,-7.46
C-0118,5.66,0.49,-1.74
A-0340,5.43,0.49,-5.15
B-0289,6.68,0.5,-5.96
A-0341,5.83,0.49,-4.81
B-0290,6.57,0.5,-4.81
B-0291,5.67,0.53,-3.2
C-0119,6.28,0.5,-5.66
A-0342,5.84,0.5,-4.88
A-0343,6.39,0.49,-5.53
A-0344,5.48,0.49,-3.37
B-0292,6.0,0.55,-2.98
B-0293,6.41,0.49,-5.33
A-0345,5.9,0.49,-3.36
A-0346,5.54,0.49,-4.34
A-0347,6.02,0.49,-5.33
B-0294,7.06,0.49,-5.7
A-0348,6.25,0.49,-6.21
A-0349,5.66,0.5,-5.79
C-0120,5.62,0.49,-3.32
A-0350,6.12,0.49,-5.28
A-0351,5.53,0.49,-3.08
A-0352,6.16,0.49,-6.1
A-0353,5.91,0.49,-5.02
B-0295,7.21,0.5,-3.75
B-0296,6.42,0.49,-5.06
B-0297,6.4,0.49,-3.93
B-0298,6.56,0.5,-5.32
A-0354,6.21,0.49,-4.19
A-0355,5.58,0.49,-3.44
C-0121,5.87,0.49,-3.64
C-0122,5.88,0.49,-4.67
A-0356,6.22,0.49,-6.44
A-0357,6.3,0.49,-5.39
B-0299,6.39,0.51,-3.52
B-0300,7.4,0.5,-4.42
B-0301,6.33,0.52,-5.98
B-0302,6.44,0.51,-4.09
B-0303,6.26,0.49,-3.52
C-0123,5.69,0.49,-3.42
A-0358,5.88,0.49,-4.77
C-0124,6.18,0.49,-4.29
A-0359,6.35,0.49,-4.87
A-0360,6.52,0.49,-7.97
C-0125,6.31,0.49,-4.9
C-0126,5.93,0.49,-3.29
A-0361,6.27,0.49,-5.15
B-0304,6.45,0.51,-4.98
B-0305,7.32,0.5,-2.69
A-0362,6.14,0.49,-6.22
B-0306,6.73,0.52,-3.92
A-0363,6.13,0.49,-7.6
A-0364,6.23,0.49,-4.63
B-0307,6.93,0.51,-4.19
C-0127,6.25,0.5,-4.69
A-0365,5.47,0.5,-2.9
A-0366,5.55,0.49,-1.93
B-0308,6.59,0.53,-3.54
A-0367,6.01,0.49,-4.27
B-0309,6.17,0.52,-4.94
C-0128,5.87,0.49,-4.7
C-0129,5.61,0.5,-3.88
A-0368,6.14,0.49,-8.75
C-0130,5.89,0.49,-4.2
A-0369,5.87,0.49,-4.29
A-0370,6.34,0.49,-5.0
A-0371,6.01,0.49,-6.37
A-0372,5.46,0.49,-5.61
A-0373,5.64,0.5,-4.4
A-0374,6.66,0.49,-5.35
B-0310,6.47,0.51,-4.17
A-0375,5.37,0.49,-2.88
A-0376,5.7,0.49,-3.36
A-0377,5.79,0.49,-2.81
C-0131,5.91,0.49,-3.99
C-0132,6.15,0.5,-3.9
C-0133,5.95,0.5,-3.83
A-0378,5.48,0.49,-3.53
B-0311,6.17,0.49,-3.78
C-0134,5.64,0.49,-2.97
A-0379,5.88,0.49,-5.24
B-0312,6.74,0.52,-4.73
A-0380,6.71,0.49,-6.99
C-0135,5.55,0.49,-2.26
B-0313,5.84,0.55,-2.73
A-0381,5.63,0.49,-5.69
B-0314,6.54,0.49,-4.13
B-0315,6.63,0.5,-4.42
A-0382,5.6,0.49,-4.31
A-0383,5.67,0.49,-2.66
B-0316,7.41,0.5,-3.96
B-0317,7.16,0.53,-2.89
C-0136,5.89,0.49,-3.39
A-0384,6.64,0.49,-7.35
A-0385,5.74,0.49,-3.22
A-0386,5.71,0.49,-3.5
B-0318,7.4,0.5,-5.16
A-0387,6.24,0.49,-4.81
A-0388,6.4,0.5,-6.42
C-0137,5.7,0.49,-3.18
A-0389,5.68,0.49,-1.52
B-0319,6.28,0.49,-3.79
A-0390,5.67,0.49,-4.37
A-0391,5.91,0.5,-4.26
B-0320,6.93,0.53,-5.08
A-0392,6.52,0.49,-5.53
A-0393,6.19,0.5,-4.32
A-0394,5.85,0.49,-3.3
B-0321,6.47,0.51,-4.46
B-0322,7.18,0.5,-5.62
A-0395,6.18,0.49,-6.78
A-0396,6.34,0.49,-6.38
A-0397,5.68,0.49,-4.81
C-0138,6.03,0.5,-4.83
B-0323,6.36,0.51,-2.84
B-0324,6.94,0.53,-4.24
B-0325,6.28,0.5,-4.8
B-0326,6.47,0.49,-4.89
C-0139,6.08,0.5,-4.88
A-0398,5.51,0.49,-2.77
B-0327,6.02,0.52,-5.23
B-0328,7.05,0.5,-5.42
A-0399,6.53,0.49,-6.72
C-0140,5.94,0.49,-4.57
A-0400,5.84,0.48,-4.75
B-0329,6.53,0.52,-3.92
B-0330,6.58,0.5,-3.34
A-0401,5.43,0.49,-5.53
B-0331,6.5,0.49,-5.53
B-0332,6.68,0.5,-5.56
C-0141,6.39,0.5,-4.39
C-0142,6.27,0.49,-6.17
