plate_id,run_id,read_datetime
P001,R1,2026-03-02T10:38
P002,R1,2026-03-02T13:29
P003,R1,2026-03-03T10:56
P004,R1,2026-03-03T13:06
P005,R1,2026-03-04T10:23
P006,R1,2026-03-04T13:34
P007,R1,2026-03-05T10:46
P008,R1,2026-03-05T13:30
P009,R2,2026-04-13T10:33
P010,R2,2026-04-13T13:25
P011,R2,2026-04-14T10:55
P012,R2,2026-04-14T13:43
P013,R2,2026-04-15T10:38
P014,R2,2026-04-15T13:17
P015,R2,2026-04-16T10:24
P016,R2,2026-04-16T13:17
P017,R3,2026-06-01T10:52
P018,R3,2026-06-01T13:37
P019,R3,2026-06-02T10:14
P020,R3,2026-06-02T13:15
P021,R3,2026-06-03T10:09
P022,R3,2026-06-03T13:54
P023,R3,2026-06-04T10:54
P024,R3,2026-06-04T13:33
