compound_id,batch_id,run_date,kd_nm,kon_per_m_s,koff_per_s,rmax_ratio,chi2_rel
B-0276,B-0276-B01,2026-06-22,4.8,53200.0,0.000255,0.97,0.026
B-0187,B-0187-B01,2026-06-22,19.77,242000.0,0.00479,0.92,0.043
B-0178,B-0178-B01,2026-06-22,13.12,456000.0,0.00598,0.94,0.013
B-0036,B-0036-B01,2026-06-22,14.43,347000.0,0.00501,0.97,0.033
B-0192,B-0192-B01,2026-06-22,11.01,173000.0,0.0019,0.89,0.022
B-0318,B-0318-B01,2026-06-22,1.49,202000.0,0.0003,0.95,0.036
B-0300,B-0300-B01,2026-06-22,3.28,375000.0,0.00123,0.95,0.005
B-0316,B-0316-B01,2026-06-22,12.03,856000.0,0.0103,0.8,0.023
B-0156,B-0156-B01,2026-06-22,39.67,392000.0,0.0156,0.82,0.039
B-0206,B-0206-B01,2026-06-22,7.15,380000.0,0.00272,0.75,0.02
B-0261,B-0261-B01,2026-06-22,3.91,23000.0,8.98e-05,0.88,0.017
B-0031,B-0031-B01,2026-06-22,4.76,71000.0,0.000338,0.97,0.022
B-0259,B-0259-B01,2026-06-22,5.08,156000.0,0.000792,1.0,0.025
B-0141,B-0141-B01,2026-06-22,13.32,675000.0,0.00899,0.96,0.022
B-0034,B-0034-B01,2026-06-22,20.5,806000.0,0.0165,0.85,0.015
B-0059,B-0059-B01,2026-06-22,8.2,246000.0,0.00202,0.83,0.024
B-0139,B-0139-B01,2026-06-22,3.87,41100.0,0.000159,0.98,0.022
B-0322,B-0322-B01,2026-06-22,24.61,432000.0,0.0106,0.91,0.049
B-0235,B-0235-B01,2026-06-22,21.27,347000.0,0.00737,1.12,0.036
B-0195,B-0195-B01,2026-06-22,24.62,358000.0,0.0088,0.93,0.032
B-0240,B-0240-B01,2026-06-22,29.84,475000.0,0.0142,0.86,0.032
B-0305,B-0305-B01,2026-06-22,10.54,34800.0,0.000367,0.84,0.019
B-0042,B-0042-B01,2026-06-22,55.64,487000.0,0.0271,0.92,0.011
B-0188,B-0188-B01,2026-06-22,76.46,304000.0,0.0232,0.8,0.006
A-0247,A-0247-B01,2026-06-22,1703.9,4470.0,0.0133,4.78,0.256
A-0057,A-0057-B01,2026-06-22,1016.3,5330.0,0.00633,4.37,0.392
A-0130,A-0130-B01,2026-06-22,1039.4,9350.0,0.00612,3.45,0.349
A-0065,A-0065-B01,2026-06-22,1971.6,1720.0,0.0128,8.29,0.151
A-0092,A-0092-B01,2026-06-22,30918.69,478000.0,14.8,0.75,0.03
