experiment_id,tracer_lot,protein_lot,tracer_nm,protein_nm_nominal,replicate,mp,total_intensity
SAT1,T1,L1,5.0,0.0,1,33.7,9678.0
SAT1,T1,L1,5.0,0.5,1,39.6,9977.0
SAT1,T1,L1,5.0,1.0,1,40.6,9856.0
SAT1,T1,L1,5.0,2.0,1,52.6,9578.0
SAT1,T1,L1,5.0,4.0,1,62.9,9780.0
SAT1,T1,L1,5.0,8.0,1,85.9,9316.0
SAT1,T1,L1,5.0,16.0,1,116.4,9101.0
SAT1,T1,L1,5.0,32.0,1,153.4,8925.0
SAT1,T1,L1,5.0,64.0,1,186.4,8872.0
SAT1,T1,L1,5.0,128.0,1,206.6,8747.0
SAT1,T1,L1,5.0,256.0,1,218.9,8337.0
SAT1,T1,L1,5.0,512.0,1,223.5,9098.0
SAT1,T1,L1,5.0,0.0,2,32.2,10131.0
SAT1,T1,L1,5.0,0.5,2,41.4,9951.0
SAT1,T1,L1,5.0,1.0,2,45.9,10071.0
SAT1,T1,L1,5.0,2.0,2,50.8,9752.0
SAT1,T1,L1,5.0,4.0,2,66.0,9492.0
SAT1,T1,L1,5.0,8.0,2,86.5,9468.0
SAT1,T1,L1,5.0,16.0,2,122.3,9265.0
SAT1,T1,L1,5.0,32.0,2,157.6,8665.0
SAT1,T1,L1,5.0,64.0,2,185.4,8581.0
SAT1,T1,L1,5.0,128.0,2,205.3,8606.0
SAT1,T1,L1,5.0,256.0,2,215.1,8330.0
SAT1,T1,L1,5.0,512.0,2,223.1,8762.0
SAT2,T1,L2,5.0,0.0,1,33.6,10271.0
SAT2,T1,L2,5.0,0.5,1,39.6,10084.0
SAT2,T1,L2,5.0,1.0,1,39.5,9909.0
SAT2,T1,L2,5.0,2.0,1,41.4,9935.0
SAT2,T1,L2,5.0,4.0,1,55.7,9854.0
SAT2,T1,L2,5.0,8.0,1,63.4,9591.0
SAT2,T1,L2,5.0,16.0,1,96.4,9219.0
SAT2,T1,L2,5.0,32.0,1,129.0,9211.0
SAT2,T1,L2,5.0,64.0,1,165.9,9280.0
SAT2,T1,L2,5.0,128.0,1,191.2,8775.0
SAT2,T1,L2,5.0,256.0,1,207.1,8497.0
SAT2,T1,L2,5.0,512.0,1,218.2,8704.0
SAT2,T1,L2,5.0,0.0,2,34.8,10245.0
SAT2,T1,L2,5.0,0.5,2,40.5,10047.0
SAT2,T1,L2,5.0,1.0,2,41.8,9740.0
SAT2,T1,L2,5.0,2.0,2,45.7,9986.0
SAT2,T1,L2,5.0,4.0,2,53.7,10064.0
SAT2,T1,L2,5.0,8.0,2,67.8,9911.0
SAT2,T1,L2,5.0,16.0,2,93.9,9601.0
SAT2,T1,L2,5.0,32.0,2,130.9,9452.0
SAT2,T1,L2,5.0,64.0,2,161.8,8964.0
SAT2,T1,L2,5.0,128.0,2,194.3,8623.0
SAT2,T1,L2,5.0,256.0,2,207.9,8653.0
SAT2,T1,L2,5.0,512.0,2,218.9,8619.0
SAT3,T2,L1,5.0,0.0,1,35.6,10308.0
SAT3,T2,L1,5.0,0.5,1,35.2,10300.0
SAT3,T2,L1,5.0,1.0,1,37.9,10023.0
SAT3,T2,L1,5.0,2.0,1,42.4,9837.0
SAT3,T2,L1,5.0,4.0,1,47.1,9724.0
SAT3,T2,L1,5.0,8.0,1,61.4,9552.0
SAT3,T2,L1,5.0,16.0,1,72.6,9504.0
SAT3,T2,L1,5.0,32.0,1,98.2,9506.0
SAT3,T2,L1,5.0,64.0,1,129.7,8974.0
SAT3,T2,L1,5.0,128.0,1,167.2,9065.0
SAT3,T2,L1,5.0,256.0,1,194.8,8562.0
SAT3,T2,L1,5.0,512.0,1,207.9,8805.0
SAT3,T2,L1,5.0,0.0,2,36.9,10218.0
SAT3,T2,L1,5.0,0.5,2,38.5,9932.0
SAT3,T2,L1,5.0,1.0,2,39.1,10079.0
SAT3,T2,L1,5.0,2.0,2,39.1,10405.0
SAT3,T2,L1,5.0,4.0,2,46.0,9479.0
SAT3,T2,L1,5.0,8.0,2,57.8,10066.0
SAT3,T2,L1,5.0,16.0,2,75.9,9691.0
SAT3,T2,L1,5.0,32.0,2,103.2,9400.0
SAT3,T2,L1,5.0,64.0,2,126.7,9305.0
SAT3,T2,L1,5.0,128.0,2,166.5,8720.0
SAT3,T2,L1,5.0,256.0,2,191.4,8722.0
SAT3,T2,L1,5.0,512.0,2,207.1,8994.0
