plate_id,well,status,detail
P002,A3,FAILED,no droplet detected at source well
P002,F19,FAILED,no droplet detected at source well
P002,K3,FAILED,no droplet detected at source well
P002,K6,FAILED,no droplet detected at source well
P003,C13,FAILED,no droplet detected at source well
P003,F3,FAILED,no droplet detected at source well
P005,F11,FAILED,no droplet detected at source well
P005,I3,FAILED,no droplet detected at source well
P005,J18,FAILED,no droplet detected at source well
P005,P13,FAILED,no droplet detected at source well
P006,I17,FAILED,no droplet detected at source well
P006,M3,FAILED,no droplet detected at source well
P006,M10,FAILED,no droplet detected at source well
P007,B7,FAILED,no droplet detected at source well
P007,H5,FAILED,no droplet detected at source well
P008,L14,FAILED,no droplet detected at source well
P009,H15,FAILED,no droplet detected at source well
P010,G8,FAILED,no droplet detected at source well
P011,J23,FAILED,no droplet detected at source well
P011,D17,FAILED,no droplet detected at source well
P011,M15,FAILED,no droplet detected at source well
P012,F7,FAILED,no droplet detected at source well
P013,B5,FAILED,no droplet detected at source well
P014,F18,FAILED,no droplet detected at source well
P015,G19,FAILED,no droplet detected at source well
P016,H8,FAILED,no droplet detected at source well
P017,D18,FAILED,no droplet detected at source well
P017,I3,FAILED,no droplet detected at source well
P018,I23,FAILED,no droplet detected at source well
P018,E16,FAILED,no droplet detected at source well
P018,J16,FAILED,no droplet detected at source well
P018,J19,FAILED,no droplet detected at source well
P019,J3,FAILED,no droplet detected at source well
P019,M6,FAILED,no droplet detected at source well
P020,J8,FAILED,no droplet detected at source well
P020,K3,FAILED,no droplet detected at source well
P021,J8,FAILED,no droplet detected at source well
P021,L13,FAILED,no droplet detected at source well
P022,G10,FAILED,no droplet detected at source well
P022,M3,FAILED,no droplet detected at source well
P022,M18,FAILED,no droplet detected at source well
P023,N15,FAILED,no droplet detected at source well
P024,B20,FAILED,no droplet detected at source well
P024,D7,FAILED,no droplet detected at source well
P024,D21,FAILED,no droplet detected at source well
P024,E22,FAILED,no droplet detected at source well
